experimento,estructura,orden,N,M,repeticion,t_construccion_s,t_busqueda_s,t_listar_s,veces_construccion,lotes_busqueda,veces_listar,ventana_construccion_s,ventana_busqueda_s,ventana_listar_s,minimo_s,altura,momento_min
A_variar_N,Lista,ordenado,3000,1000,1,6.75667386350975e-05,0.04764272173886876,0.00015521109558906104,14822,23,6444,1.0014742000494152,1.0957825999939814,1.0001802999759093,1.0,,0.06291012499908295
A_variar_N,ABB,ordenado,3000,1000,1,0.2594204999972135,0.10209876363462006,0.00031957246986616134,5,11,3320,1.2971024999860674,1.1230863999808207,1.0609805999556556,1.0,3000,0.12689249166481506
A_variar_N,B+,ordenado,3000,1000,1,0.0018102371575205575,0.0006720786180372703,0.0001562444738057521,584,1534,6433,1.0571784999920055,1.0309686000691727,1.0051206999924034,1.0,3,0.1824846716655884
A_variar_N,B+,aleatorio,100000,1000,1,0.1503419666680404,0.0015169997002114019,0.010817922580416405,9,667,93,1.3530777000123635,1.011838800041005,1.0060667999787256,1.0,4,0.24807729999884032
A_variar_N,Lista,aleatorio,100000,1000,1,0.0032308244680802514,3.0880980000365525,0.029268528570953224,376,1,35,1.2147899999981746,3.0880980000365525,1.0243984999833629,1.0,,0.3382679983333219
A_variar_N,ABB,aleatorio,100000,1000,1,0.3036176500027068,0.003705420740880072,0.024522818606021967,4,270,43,1.2144706000108272,1.0004636000376195,1.0544812000589445,1.0,41,0.4032091616652906
A_variar_N,Lista,aleatorio,3000,1000,1,7.84732614373376e-05,0.05772464285560307,0.0004545492604324792,13445,21,2231,1.0550730000250041,1.2122174999676645,1.014099400024861,1.0,,0.45934409999948306
A_variar_N,ABB,aleatorio,3000,1000,1,0.003299876945214051,0.001250536204722667,0.00037958662512109156,347,801,2729,1.1450572999892756,1.0016794999828562,1.035891899955459,1.0,24,0.5143774333332355
A_variar_N,B+,aleatorio,3000,1000,1,0.0030367655269642416,0.0008837334197861227,0.00023622453361727658,351,1155,4235,1.0659046999644488,1.0207120998529717,1.0004108998691663,1.0,3,0.5699697666665694
A_variar_N,B+,ordenado,100000,1000,1,0.10601114000892267,0.001634943791097517,0.010398933823179343,10,612,136,1.0601114000892267,1.0005856001516804,1.4142549999523908,1.0,4,0.6367785083324028
A_variar_N,Lista,ordenado,100000,1000,1,0.0027314438319611034,2.3929153999779373,0.007305464232306465,381,1,137,1.0406800999771804,2.3929153999779373,1.0008485998259857,1.0,,0.7113810583328207
A_variar_N,Lista,ordenado,100,1000,1,2.5688241863482637e-06,0.0016849959933452421,5.018861184380041e-06,390402,599,206302,1.002874099998735,1.0093126000138,1.0354011000599712,1.0,,0.7634196133333414
A_variar_N,B+,ordenado,100,1000,1,4.643423848652414e-05,0.00039815942829111745,5.613260314185382e-06,22022,2519,182326,1.0225747999502346,1.0029635998653248,1.023443300044164,1.0,2,0.8181317516660783
A_variar_N,ABB,ordenado,100,1000,1,0.000283389833375214,0.0032175906249904073,9.799808027349943e-06,3541,320,104182,1.0034833999816328,1.0296289999969304,1.0209635999053717,1.0,100,0.8697201966657303
A_variar_N,B+,ordenado,10000,1000,1,0.006460337341863285,0.0007080847132319594,0.0005070408245491481,158,1413,1989,1.020733300014399,1.0005236997967586,1.0085042000282556,1.0,4,0.9236810683330987
A_variar_N,Lista,ordenado,10000,1000,1,0.00021640572307679134,0.1591165571340493,0.0004928849364745814,4875,7,2204,1.0549778999993578,1.113815899938345,1.0863183999899775,1.0,,0.9806654633333286
A_variar_N,ABB,ordenado,10000,1000,1,2.7777038000058383,0.3380638250091579,0.0009464393596764717,1,4,1062,2.7777038000058383,1.3522553000366315,1.005118599976413,1.0,10000,1.0718596899998374
A_variar_N,Lista,aleatorio,300,1000,1,7.392900655484288e-06,0.005368143367600076,2.117452147026951e-05,140027,196,47228,1.0352057000854984,1.052156100049615,1.0000302999978885,1.0,,1.1238831466665336
A_variar_N,ABB,aleatorio,300,1000,1,0.0002115790909166048,0.0007530779611302548,2.817962807399424e-05,4730,1334,35652,1.0007691000355408,1.00460600014776,1.0046601000940427,1.0,18,1.1763494499997857
A_variar_N,B+,aleatorio,300,1000,1,0.00016611505126050085,0.0004104143032445343,1.5563667911489503e-05,6046,2440,64260,1.004331599920988,1.0014108999166638,1.0001212999923155,1.0,2,1.230531136666347
A_variar_N,ABB,ordenado,30000,1000,1,24.665013500023633,1.0048267500242218,0.0027105627027717797,1,2,370,24.665013500023633,2.0096535000484437,1.0029082000255585,1.0,30000,1.709013726665095
A_variar_N,B+,ordenado,30000,1000,1,0.021179972549754324,0.0007563300752010953,0.0014820584071289123,51,1330,678,1.0801786000374705,1.0059190000174567,1.0048356000334024,1.0,4,1.7638539133321804
A_variar_N,Lista,ordenado,30000,1000,1,0.0006538514695863302,0.4719244999966274,0.001484287290556835,1531,3,716,1.0010465999366716,1.4157734999898821,1.0627497000386938,1.0,,1.8297707466660844
A_variar_N,Lista,ordenado,300,1000,1,7.5391514836478015e-06,0.004852898067407814,1.4357514647892263e-05,136120,207,70662,1.0262292999541387,1.0045498999534175,1.014530700049363,1.0,,1.8811633149996245
A_variar_N,ABB,ordenado,300,1000,1,0.0024280292161733726,0.009841030770285916,2.8322458324002368e-05,421,104,36472,1.0222003000089899,1.0234672001097351,1.0329766999930143,1.0,300,1.9330270883316796
A_variar_N,B+,ordenado,300,1000,1,0.00014958528590427065,0.00041694862486716983,1.6040132603226013e-05,6803,2400,63649,1.0176287000067532,1.0006766996812075,1.0209384000627324,1.0,2,1.9877053549998285
A_variar_N,ABB,aleatorio,1000,1000,1,0.0008605790083019509,0.0009260928900680219,0.00010949634459513847,1210,1083,9739,1.0413006000453606,1.0029585999436677,1.0663849000120535,1.0,20,2.0418807366649463
A_variar_N,Lista,aleatorio,1000,1000,1,2.332897293740091e-05,0.018138591665774584,8.444247321083478e-05,43230,60,11944,1.0085115000838414,1.088315499946475,1.0085809000302106,1.0,,2.094216454999211
A_variar_N,B+,aleatorio,1000,1000,1,0.0006222167184589127,0.0005232310379856793,5.080261994167151e-05,1609,1917,20115,1.0011467000003904,1.003033899818547,1.0218947001267225,1.0,3,2.1485289800000222
A_variar_N,ABB,aleatorio,30000,1000,1,0.05140836500213482,0.0019197622859584433,0.003052252743722553,20,525,328,1.0281673000426963,1.0078752001281828,1.0011388999409974,1.0,36,2.203168974999183
A_variar_N,B+,aleatorio,30000,1000,1,0.02489920000135455,0.0007610389984344247,0.0015354278288775946,42,1318,654,1.0457664000568911,1.0030493999365717,1.004169800085947,1.0,4,2.257583774998784
A_variar_N,Lista,aleatorio,30000,1000,1,0.0006409908496966752,0.5413479499984533,0.00548525837854155,1683,2,185,1.0787876000395045,1.0826958999969065,1.0147728000301868,1.0,,2.3200509249989407
A_variar_N,ABB,ordenado,1000,1000,1,0.027476808106577075,0.03241514242395307,9.468271932171981e-05,37,33,10613,1.0166418999433517,1.0696996999904513,1.0048677001614124,1.0,1000,2.3729310466655686
A_variar_N,Lista,ordenado,1000,1000,1,2.3016735271447122e-05,0.01558062575658727,5.109214735023401e-05,43728,66,19573,1.0064757999498397,1.0283212999347597,1.0000266000861302,1.0,,2.424061009999908
A_variar_N,B+,ordenado,1000,1000,1,0.0005716780968312476,0.0005309364118641975,5.172497575301024e-05,1776,1884,19591,1.0153002999722958,1.000284199952148,1.0133439999772236,1.0,3,2.4783513583320502
A_variar_N,Lista,aleatorio,100,1000,1,2.59094320551423e-06,0.001763821291626735,6.443076134460472e-06,401323,573,158127,1.0398051000665873,1.0106696001021191,1.018824299913831,1.0,,2.5305247233326855
A_variar_N,B+,aleatorio,100,1000,1,5.011802834092272e-05,0.00039540055182394983,5.283740766061239e-06,20257,2537,196965,1.0152409001020715,1.0031311999773607,1.040711999987252,1.0,2,2.585473173332866
A_variar_N,ABB,aleatorio,100,1000,1,5.1925862596337954e-05,0.0005482778629313593,9.309915170109171e-06,19534,1825,110104,1.0143197999568656,1.0006070998497307,1.0250588998897001,1.0,12,2.6390111783325363
A_variar_N,B+,aleatorio,10000,1000,1,0.007386581883664527,0.0006050563747277117,0.0005050276017707083,138,1655,1989,1.0193482999457046,1.001368300174363,1.0044998999219388,1.0,3,2.693394986666196
A_variar_N,Lista,aleatorio,10000,1000,1,0.00022500207968384042,0.17930048333558565,0.0014961363901580742,4568,6,687,1.027809499995783,1.0758029000135139,1.027845700038597,1.0,,2.748886329998883
A_variar_N,ABB,aleatorio,10000,1000,1,0.012929034614875818,0.0014379034140100902,0.0010216909368492117,78,703,982,1.0084646999603137,1.0108461000490934,1.0033004999859259,1.0,30,2.801202903332887
A_variar_N,ABB,aleatorio,100000,1000,2,0.25116579998284577,0.002877467605416519,0.018822688889620756,5,355,54,1.255828999914229,1.0215009999228641,1.0164252000395209,1.0,42,2.866508296665658
A_variar_N,Lista,aleatorio,100000,1000,2,0.0024227036229573225,2.4017835000995547,0.02145623404314702,414,1,47,1.0029992999043316,2.4017835000995547,1.0084430000279099,1.0,,2.94110985333294
A_variar_N,B+,aleatorio,100000,1000,2,0.09859439090359956,0.0009056800719001225,0.0064399554142075925,11,1109,157,1.0845382999395952,1.004399199737236,1.011073000030592,1.0,4,2.9984268483317766
A_variar_N,Lista,ordenado,100000,1000,2,0.0021744466951188405,1.6470942999003455,0.005685760962707115,469,1,187,1.0198155000107363,1.6470942999003455,1.0632373000262305,1.0,,3.063465314998757
A_variar_N,B+,ordenado,100000,1000,2,0.07562197333512206,0.0009101598548299407,0.006011542391522949,15,1101,184,1.134329600026831,1.0020860001677647,1.1061238000402227,1.0,4,3.1218969766652056
A_variar_N,ABB,aleatorio,1000,1000,2,0.0008261051979307823,0.0008834910368086911,9.692635285353921e-05,1212,1138,10367,1.0012394998921081,1.0054127998882905,1.004835500032641,1.0,23,3.1745748983327453
A_variar_N,B+,aleatorio,1000,1000,2,0.0006145355828032126,0.0005196006725909862,4.901962832546693e-05,1630,1933,20771,1.0016929999692366,1.0043881001183763,1.0181866999482736,1.0,3,3.2288149149991416
A_variar_N,Lista,aleatorio,1000,1000,2,2.448719535580588e-05,0.017608831579421173,8.624078838262877e-05,41688,57,12050,1.0208221999928355,1.0037034000270069,1.0392015000106767,1.0,,3.2804422983317636
A_variar_N,ABB,ordenado,30000,1000,2,25.18347230006475,1.0021914999233559,0.0027606650136960233,1,1,363,25.18347230006475,1.0021914999233559,1.0021213999716565,1.0,30000,3.7347847283332762
A_variar_N,B+,ordenado,30000,1000,2,0.021264311766215398,0.0007560133283743242,0.001481890441123944,51,1328,680,1.0844799000769854,1.0039857000811026,1.007685499964282,1.0,4,3.7896812499985875
A_variar_N,Lista,ordenado,30000,1000,2,0.0006263027500244789,0.4689734666608274,0.0014858988130282754,1600,3,674,1.0020844000391662,1.4069203999824822,1.0014957999810576,1.0,,3.854875891665385
A_variar_N,ABB,ordenado,100,1000,2,0.0002864295039779932,0.003226363140782222,9.723686592083555e-06,3508,312,108306,1.0047946999548003,1.0066252999240533,1.0531336000422016,1.0,100,3.9067632083315402
A_variar_N,B+,ordenado,100,1000,2,5.0223230532467726e-05,0.00041879791669392335,5.820469134786607e-06,20232,2400,183359,1.016116400132887,1.005115000065416,1.0672354000853375,1.0,2,3.9621088099995783
A_variar_N,Lista,ordenado,100,1000,2,2.5944173780273124e-06,0.0017349428570189748,5.096730467156788e-06,392450,581,196236,1.0181791000068188,1.0080017999280244,1.0001619999529794,1.0,,4.013769454999904
A_variar_N,ABB,ordenado,1000,1000,2,0.028568922225127205,0.03299219677254798,9.281449797300256e-05,36,31,10836,1.0284812001045793,1.0227580999489874,1.0057379000354558,1.0,1000,4.066080121664951
A_variar_N,B+,ordenado,1000,1000,2,0.0005623502524275034,0.0005228926601830845,5.3007975919959255e-05,1783,1921,18932,1.0026705000782385,1.0044768002117053,1.0035470001166686,1.0,3,4.120094666664954
A_variar_N,Lista,ordenado,1000,1000,2,2.2791130694745048e-05,0.016143296876180102,4.9010482373001806e-05,44141,64,20482,1.0060232999967411,1.0331710000755265,1.003832699963823,1.0,,4.171347649998885
A_variar_N,Lista,ordenado,300,1000,2,7.388942609275284e-06,0.004836853365234744,1.440469809221691e-05,138577,208,69773,1.023937499965541,1.0060654999688268,1.0050589999882504,1.0,,4.222488131665159
A_variar_N,ABB,ordenado,300,1000,2,0.002430079176742358,0.009692306731057424,3.863285073646258e-05,413,104,26316,1.0036226999945939,1.0079999000299722,1.0166620999807492,1.0,300,4.273430809999506
A_variar_N,B+,ordenado,300,1000,2,0.00015925427479810314,0.0004152443337564667,1.604869463026261e-05,6281,2409,62894,1.0002761000068858,1.0003236000193283,1.0093666000757366,1.0,2,4.327704523333038
A_variar_N,B+,aleatorio,10000,1000,2,0.008001385271087173,0.0006040931844733323,0.0005032047405123279,129,1658,2004,1.0321786999702454,1.001586499856785,1.0084222999867052,1.0,3,4.382522128332251
A_variar_N,Lista,aleatorio,10000,1000,2,0.00021904923378379,0.25213641667505726,0.0022751315909607167,4568,6,440,1.0006168999243528,1.5128185000503436,1.0010579000227153,1.0,,4.444505954999476
A_variar_N,ABB,aleatorio,10000,1000,2,0.016957588334723064,0.0017544111667666584,0.001321148480869377,60,600,757,1.017455300083384,1.052646700059995,1.0001094000181183,1.0,34,4.497944386666252
A_variar_N,ABB,aleatorio,30000,1000,2,0.0664927062462084,0.002405843749819234,0.003263658730106221,16,416,315,1.0638832999393344,1.0008309999248013,1.0280524999834597,1.0,34,4.554072109999834
A_variar_N,B+,aleatorio,30000,1000,2,0.025494173809420317,0.0007655444612614156,0.0016205927419040591,42,1309,620,1.0707552999956533,1.002097699791193,1.0047674999805167,1.0,4,4.608890938331994
A_variar_N,Lista,aleatorio,30000,1000,2,0.0006342915715844488,0.5376777499914169,0.005231887309547268,1578,2,197,1.00091209996026,1.0753554999828339,1.0306817999808118,1.0,,4.670211568333131
A_variar_N,ABB,aleatorio,100,1000,2,6.728477188010313e-05,0.0008126034321628116,9.074697163947711e-06,14992,1282,112272,1.0087333000265062,1.0417576000327244,1.0188343999907374,1.0,19,4.723768411666
A_variar_N,B+,aleatorio,100,1000,2,5.011857580411962e-05,0.00041493562840880173,5.3085223080764135e-06,20236,2411,188693,1.0141994999721646,1.000409800093621,1.0016809998778626,1.0,2,4.7779461966652885
A_variar_N,Lista,aleatorio,100,1000,2,2.4522326442508313e-06,0.0017430372854224262,6.703477531283971e-06,417599,582,150164,1.0240499000065029,1.014447700115852,1.0066210000077263,1.0,,4.829720931665118
A_variar_N,Lista,aleatorio,300,1000,2,7.108286416610379e-06,0.005271178420853654,2.113033884538e-05,146360,190,48222,1.040368799935095,1.0015238999621943,1.0189471998019144,1.0,,4.881283771665767
A_variar_N,ABB,aleatorio,300,1000,2,0.00018924197998308187,0.0006820320407543204,2.840907469188323e-05,5293,1470,35880,1.0016578000504524,1.002587099908851,1.0193175999447703,1.0,16,4.934219321664811
A_variar_N,B+,aleatorio,300,1000,2,0.00016614396919648066,0.0004119427395039799,1.5113659408457515e-05,6102,2431,67653,1.013810500036925,1.0014327997341752,1.0224843999603763,1.0,2,4.988913249998586
A_variar_N,B+,ordenado,10000,1000,2,0.006493177215562826,0.0006943599166911762,0.0005076597278070215,158,1442,1984,1.0259220000589266,1.001266999868676,1.0071968999691308,1.0,4,5.04298574833277
A_variar_N,Lista,ordenado,10000,1000,2,0.000218203705322418,0.1582634285691061,0.0005017375956779662,4588,7,2221,1.0011186000192538,1.1078439999837428,1.114359200000763,1.0,,5.09947499166592
A_variar_N,ABB,ordenado,10000,1000,2,2.7905146999983117,0.32801867500529625,0.0009250315156930544,1,4,1082,2.7905146999983117,1.312074700021185,1.000884099979885,1.0,10000,5.190257519999674
A_variar_N,Lista,ordenado,3000,1000,2,6.92224910661283e-05,0.04891135000136935,0.000147304207117525,14837,22,6798,1.0270540999481454,1.0760497000301257,1.001373999984935,1.0,,5.2430777916665345
A_variar_N,ABB,ordenado,3000,1000,2,0.24794329998549075,0.09877065454863689,0.0002786200939865053,5,11,3618,1.2397164999274537,1.0864772000350058,1.0080475000431761,1.0,3000,5.3047097466653215
A_variar_N,B+,ordenado,3000,1000,2,0.001878775234681888,0.0005467936101205269,0.00016140309278760918,533,1831,6305,1.0013872000854462,1.0011791001306847,1.0176465000258759,1.0,3,5.358848861665077
A_variar_N,Lista,aleatorio,3000,1000,2,6.860448093940088e-05,0.05320088420749495,0.0003770417134875757,14796,19,2673,1.0150718999793753,1.010816799942404,1.0078325001522899,1.0,,5.410899374998795
A_variar_N,ABB,aleatorio,3000,1000,2,0.0029811607843332763,0.0010761612833273364,0.00030004703451451447,357,935,3389,1.0642744000069797,1.0062107999110594,1.0168593999696895,1.0,25,5.464445995000036
A_variar_N,B+,aleatorio,3000,1000,2,0.002036767479598265,0.0005529352487579441,0.00015584230066217002,492,1810,6572,1.0020895999623463,1.0008128002518788,1.0241955999517813,1.0,3,5.5186239049983365
A_variar_N,ABB,aleatorio,100000,1000,3,0.2604471399914473,0.0027982917127395,0.018961839623889833,5,362,53,1.3022356999572366,1.012981600011699,1.0049775000661612,1.0,39,5.584408984998785
A_variar_N,B+,aleatorio,100000,1000,3,0.10002174544867805,0.0009029427672353944,0.006903203424346978,11,1113,146,1.1002391999354586,1.004975299932994,1.0078676999546587,1.0,4,5.642053778331804
A_variar_N,Lista,aleatorio,100000,1000,3,0.002405052028567506,2.180615699966438,0.021834876598849733,419,1,47,1.007716799969785,2.180615699966438,1.0262392001459375,1.0,,5.713486049999483
A_variar_N,ABB,ordenado,30000,1000,3,24.98144600004889,1.0124928000150248,0.002771013150986743,1,1,365,24.98144600004889,1.0124928000150248,1.0114198001101613,1.0,30000,6.164943346666405
A_variar_N,B+,ordenado,30000,1000,3,0.021329309998545796,0.0007678547126537196,0.0015229072837987193,50,1305,659,1.0664654999272898,1.002050400013104,1.003595900023356,1.0,4,6.219520361665248
A_variar_N,Lista,ordenado,30000,1000,3,0.0006311872085555214,0.46883450002254295,0.0015030534529880985,1587,3,724,1.0016940999776125,1.406503500067629,1.0882106999633834,1.0,,6.286179028333087
A_variar_N,Lista,ordenado,300,1000,3,6.994126875820962e-06,0.0048852190250394546,1.474476751720363e-05,147860,205,70951,1.0341515998588875,1.0014699001330882,1.0461560001131147,1.0,,6.338129596666355
A_variar_N,B+,ordenado,300,1000,3,0.00014900066775808368,0.0004133713695703984,1.6123293479099334e-05,6739,2424,62979,1.004115500021726,1.0020121998386458,1.015428900020197,1.0,2,6.3925396933317336
A_variar_N,ABB,ordenado,300,1000,3,0.0024956716415680835,0.009597346665603773,2.8689449595827543e-05,402,105,34956,1.0032599999103695,1.0077213998883963,1.0028684000717476,1.0,300,6.44329862666588
A_variar_N,Lista,aleatorio,100,1000,3,2.455355891314712e-06,0.0017601585363278016,6.4169993367019945e-06,425158,574,162824,1.0439142000395805,1.0103309998521581,1.0448414999991655,1.0,,6.495967526665966
A_variar_N,ABB,aleatorio,100,1000,3,5.4520929090049205e-05,0.0005667804960994073,9.183060436283478e-06,18405,1774,110298,1.0034576999023557,1.0054686000803486,1.012873200001195,1.0,14,6.549124526665158
A_variar_N,B+,aleatorio,100,1000,3,4.97884231927123e-05,0.0003910476633879237,5.2403728881082506e-06,20662,2568,194321,1.0287284000078216,1.004210399580188,1.0183144999900833,1.0,2,6.603848746665365
A_variar_N,B+,ordenado,10000,1000,3,0.0064265748473067135,0.0007009719887647924,0.0005108234693524333,163,1428,1960,1.0475317001109943,1.0009879999561235,1.0012139999307692,1.0,4,6.658099441664914
A_variar_N,ABB,ordenado,10000,1000,3,2.7415014000143856,0.3334809249790851,0.0009296168988274831,1,4,1077,2.7415014000143856,1.3339236999163404,1.0011974000371993,1.0,10000,6.7485701733327
A_variar_N,Lista,ordenado,10000,1000,3,0.00022872160272946072,0.15866092856906885,0.0004915131034393763,4430,7,2175,1.013236700091511,1.110626499983482,1.0690409999806434,1.0,,6.804659131666025
A_variar_N,Lista,ordenado,1000,1000,3,2.3629553563364354e-05,0.015885943748799036,4.826723723115513e-05,42604,64,20740,1.006713500013575,1.0167003999231383,1.0010625001741573,1.0,,6.855800949999442
A_variar_N,B+,ordenado,1000,1000,3,0.0005636011831409915,0.0005246652537554285,5.440155034648218e-05,1775,1911,18383,1.0003921000752598,1.0026352999266237,1.000063700019382,1.0,3,6.909655411665638
A_variar_N,ABB,ordenado,1000,1000,3,0.027333810812214743,0.032043915150235545,9.519121129060813e-05,37,33,10559,1.0113510000519454,1.057449199957773,1.0051240000175312,1.0,1000,6.962107321666553
A_variar_N,Lista,aleatorio,3000,1000,3,6.943168679963333e-05,0.05854266999522224,0.00045330513730039695,14981,20,2258,1.0401560999453068,1.1708533999044448,1.0235630000242963,1.0,,7.017187593332104
A_variar_N,ABB,aleatorio,3000,1000,3,0.003222714469115283,0.001129235393168886,0.0003078487092376067,311,890,3254,1.002264199894853,1.0050194999203086,1.001739699859172,1.0,31,7.069484618333323
A_variar_N,B+,aleatorio,3000,1000,3,0.002094950595092664,0.0005469629367560303,0.00015019952190084524,504,1832,6693,1.0558550999267027,1.0020361001370475,1.0052854000823572,1.0,3,7.124252293332635
A_variar_N,B+,aleatorio,10000,1000,3,0.007417713235447402,0.0005993327750734156,0.000498666666615417,136,1672,2043,1.0088090000208467,1.002084399922751,1.018775999895297,1.0,3,7.178721176666053
A_variar_N,ABB,aleatorio,10000,1000,3,0.011983464286285675,0.0013385059365432581,0.001026958087411835,84,758,983,1.0066110000479966,1.0145874998997897,1.009499799925834,1.0,32,7.231280194999029
A_variar_N,Lista,aleatorio,10000,1000,3,0.00021402836864581332,0.17389486668010554,0.0014623696403242915,4720,6,695,1.0102139000082389,1.0433692000806332,1.0163469000253826,1.0,,7.285604091665785
A_variar_N,B+,ordenado,100000,1000,3,0.07672001999647667,0.0009356366262362379,0.005982396354132409,15,1073,192,1.15080029994715,1.0039380999514833,1.1486200999934226,1.0,4,7.347171451665539
A_variar_N,Lista,ordenado,100000,1000,3,0.002643496315852788,1.6831414999905974,0.005920039779295661,380,1,181,1.0045286000240594,1.6831414999905974,1.0715272000525147,1.0,,7.410337736665194
A_variar_N,Lista,ordenado,100,1000,3,2.4875328730605125e-06,0.0016457873564030003,4.946204447954832e-06,413712,609,208718,1.0291221999796107,1.0022845000494272,1.0323618999682367,1.0,,7.462613474998701
A_variar_N,ABB,ordenado,100,1000,3,0.0002906893085464316,0.003249747452480351,9.740842026295155e-06,3442,314,104581,1.0005526000168175,1.0204207000788301,1.0187069999519736,1.0,100,7.513925953331636
A_variar_N,B+,ordenado,100,1000,3,4.6686116574066027e-05,0.0003941326395451923,5.646978095736659e-06,21875,2546,183477,1.0212588000576943,1.0034617002820596,1.036090600071475,1.0,2,7.5688031383324414
A_variar_N,ABB,aleatorio,30000,1000,3,0.050113609520762804,0.001856361313792707,0.0030725030487590674,21,548,328,1.0523857999360189,1.0172859999584034,1.007780999992974,1.0,37,7.623598486666257
A_variar_N,B+,aleatorio,30000,1000,3,0.025136397672318962,0.0007707799080990689,0.0016455601307706529,43,1304,612,1.0808650999097154,1.0050970001611859,1.0070828000316396,1.0,4,7.678601194999646
A_variar_N,Lista,aleatorio,30000,1000,3,0.0006297236793073134,0.5448488666831205,0.005254600000250893,1609,3,194,1.0132254000054672,1.6345466000493616,1.0193924000486732,1.0,,7.748762534999211
A_variar_N,Lista,aleatorio,300,1000,3,7.3973579166880685e-06,0.005215426041104365,2.111781325121301e-05,140798,192,47925,1.0415331999538466,1.001361799892038,1.0120712000643834,1.0,,7.800268719999197
A_variar_N,B+,aleatorio,300,1000,3,0.00016622467383336272,0.0004198844089857416,1.5139325893522084e-05,6055,2386,66933,1.0064904000610113,1.0018441998399794,1.0133205000311136,1.0,2,7.854661364998901
A_variar_N,ABB,aleatorio,300,1000,3,0.00019991165681428017,0.0007031707864371128,2.871662771454253e-05,5070,1424,35086,1.0135521000484005,1.0013151998864487,1.0075515999924392,1.0,16,7.907570851665999
A_variar_N,Lista,aleatorio,1000,1000,3,2.5104533599193584e-05,0.017964621427901357,8.462349306936642e-05,39880,56,11978,1.00116879993584,1.006018799962476,1.0136201999848709,1.0,,7.958810219999092
A_variar_N,B+,aleatorio,1000,1000,3,0.0006219742696956865,0.000524416318086315,4.977561276495705e-05,1609,1912,20277,1.0007565999403596,1.0026840001810342,1.0093001000350341,1.0,3,8.012971823332675
A_variar_N,ABB,aleatorio,1000,1000,3,0.0008856369584723055,0.0009595982773835508,9.611663817634128e-05,1131,1045,10530,1.0016554000321776,1.0027801998658106,1.0121081999968737,1.0,24,8.06553312666559
A_variar_N,Lista,ordenado,3000,1000,3,7.126405921397343e-05,0.048939900001807306,0.00014913669850051184,14254,22,6706,1.0157979000359774,1.0766778000397608,1.0001107001444325,1.0,,8.118207238333222
A_variar_N,ABB,ordenado,3000,1000,3,0.2510492399800569,0.09796429091048511,0.0002788091162458511,5,11,3587,1.2552461999002844,1.0776072000153363,1.0000882999738678,1.0,3000,8.180085659999168
A_variar_N,B+,ordenado,3000,1000,3,0.00192134733944106,0.0005445059814529373,0.00015711751723494066,545,1839,6388,1.0471342999953777,1.0013464998919517,1.003666700096801,1.0,3,8.23475105833301
A_variar_N,ABB,aleatorio,100,1000,4,4.9583541060619806e-05,0.000525466631671083,1.0366792167831525e-05,20299,1909,111552,1.0064962999895215,1.0031157998600975,1.1564363999059424,1.0,13,8.290656323333193
A_variar_N,B+,aleatorio,100,1000,4,5.052761679257455e-05,0.00039473627395003553,5.299770465853612e-06,20636,2539,193871,1.0426879001315683,1.0022353995591402,1.0274717999855056,1.0,2,8.345789129999078
A_variar_N,Lista,aleatorio,100,1000,4,2.504196148012078e-06,0.002097307306778518,6.696891446086429e-06,404490,479,156375,1.0129222999094054,1.0046101999469101,1.0472263998817652,1.0,,8.397892948333174
A_variar_N,Lista,ordenado,100000,1000,4,0.0021947506438469108,1.5473227999173105,0.0058917168479756974,466,1,184,1.0227538000326604,1.5473227999173105,1.0840759000275284,1.0,,8.461473293332771
A_variar_N,B+,ordenado,100000,1000,4,0.07542271428142808,0.0009207957874746455,0.005325266494914966,14,1092,194,1.055917999939993,1.0055089999223128,1.0331017000135034,1.0,4,8.517455236666137
A_variar_N,B+,ordenado,1000,1000,4,0.0005637274860591737,0.0005263328256194104,5.221268479905543e-05,1790,1904,19346,1.009072200045921,1.0021376999793574,1.0101066001225263,1.0,3,8.57180302333242
A_variar_N,ABB,ordenado,1000,1000,4,0.02719385945867445,0.03181580294211231,9.53895177300263e-05,37,34,10513,1.0061727999709547,1.0817373000318184,1.0028299998957664,1.0,1000,8.624517104999784
A_variar_N,Lista,ordenado,1000,1000,4,2.3277540612286275e-05,0.015302805796913479,4.789546724591133e-05,43149,69,21113,1.0044025998795405,1.05589359998703,1.011216999962926,1.0,,8.676221681665629
A_variar_N,B+,aleatorio,1000,1000,4,0.000626193166581449,0.0005248277343337851,4.9550938200656316e-05,1639,1911,20678,1.026330600026995,1.0029458003118634,1.0246143001131713,1.0,3,8.731012553331675
A_variar_N,ABB,aleatorio,1000,1000,4,0.0008170435978582558,0.0008611990596589624,9.604177626711764e-05,1273,1170,10494,1.0400965000735596,1.007602899800986,1.0078624001471326,1.0,21,8.784376249999816
A_variar_N,Lista,aleatorio,1000,1000,4,2.3161103137697324e-05,0.01808471666687789,8.626741582217974e-05,43204,60,11791,1.0006522999610752,1.0850830000126734,1.0171790999593213,1.0,,8.836669379998542
A_variar_N,ABB,aleatorio,3000,1000,4,0.002970896944235493,0.0010750925134777785,0.00030512414314440815,360,935,3326,1.0695228999247774,1.0052115001017228,1.0148429000983015,1.0,25,8.890360466666364
A_variar_N,B+,aleatorio,3000,1000,4,0.00211269789000085,0.0005701233618269194,0.000160426437165782,474,1755,6245,1.001418799860403,1.0005665000062436,1.0018631001003087,1.0,3,8.944379526665822
A_variar_N,Lista,aleatorio,3000,1000,4,6.949358585568437e-05,0.05420774736711265,0.00039567606801961405,14468,19,2528,1.0054332001600415,1.0299471999751404,1.0002690999535844,1.0,,8.996208691664894
A_variar_N,Lista,aleatorio,100000,1000,4,0.002290248769539631,2.258893399965018,0.0216035638301772,447,1,47,1.0237411999842152,2.258893399965018,1.0153675000183284,1.0,,9.071619651666454
A_variar_N,ABB,aleatorio,100000,1000,4,0.2582559600006789,0.0028907252837432843,0.018011873215852705,5,352,56,1.2912798000033945,1.0175352998776361,1.0086649000877514,1.0,38,9.134959599998547
A_variar_N,B+,aleatorio,100000,1000,4,0.0995229181875898,0.0009202884616553715,0.0064582512818444045,11,1092,156,1.0947521000634879,1.0049550001276657,1.007487199967727,1.0,4,9.192427459999454
A_variar_N,ABB,ordenado,100,1000,4,0.00029047201848808065,0.0032283546029782248,9.385111758154283e-06,3463,315,107286,1.0059046000242233,1.0169316999381408,1.0068911000853404,1.0,100,9.243745841666048
A_variar_N,B+,ordenado,100,1000,4,4.643844115288795e-05,0.00039459858263850094,5.622068464133316e-06,21888,2540,182754,1.0164445999544114,1.0022803999017924,1.02745550009422,1.0,2,9.298395136666175
A_variar_N,Lista,ordenado,100,1000,4,2.6052365888024064e-06,0.0016920728333449612,4.902017386908039e-06,392030,600,205563,1.0213308999082074,1.0152437000069767,1.0076734001049772,1.0,,9.350180776665608
A_variar_N,Lista,ordenado,30000,1000,4,0.0006311288413120157,0.47049996664281934,0.0015198396010711746,1588,3,702,1.002232600003481,1.411499899928458,1.0669273999519646,1.0,,9.416721314998965
A_variar_N,ABB,ordenado,30000,1000,4,24.917947500012815,1.0069455999764614,0.002805236871705479,1,2,358,24.917947500012815,2.0138911999529228,1.0042748000705615,1.0,30000,9.898704654998921
A_variar_N,B+,ordenado,30000,1000,4,0.02123006862843884,0.0007661560639663735,0.0015336424194327676,51,1311,653,1.0827335000503808,1.0044305998599157,1.0014684998895973,1.0,4,9.95347272833266
A_variar_N,Lista,ordenado,300,1000,4,7.002568589368465e-06,0.004801090430740142,1.4533238383828671e-05,148019,209,69510,1.0365132000297308,1.0034279000246897,1.010205400059931,1.0,,10.004901109998658
A_variar_N,ABB,ordenado,300,1000,4,0.0024850898512205717,0.009592409434570175,2.8171000307109364e-05,404,106,35859,1.003976299893111,1.0167954000644386,1.0101839000126347,1.0,300,10.05591381166596
A_variar_N,B+,ordenado,300,1000,4,0.0001507638217976312,0.00041462739325914697,1.64289373883626e-05,6667,2413,63278,1.0051423999248073,1.0004958999343216,1.0395903000608087,1.0,2,10.110662251666266
A_variar_N,ABB,ordenado,10000,1000,4,2.789007299928926,0.3363531249924563,0.0009271499538744283,1,4,1083,2.789007299928926,1.3454124999698251,1.0041034000460058,1.0,10000,10.202093213332894
A_variar_N,B+,ordenado,10000,1000,4,0.006488941025544101,0.0006963474269126061,0.0005027854572288108,156,1438,2001,1.0122747999848798,1.0013475999003276,1.0060736999148503,1.0,4,10.25556874666557
A_variar_N,Lista,ordenado,10000,1000,4,0.00021877344807764493,0.15722241427283734,0.0005141899095923943,4591,7,1992,1.004388900124468,1.1005568999098614,1.0242662999080494,1.0,,10.310471783331984
A_variar_N,ABB,ordenado,3000,1000,4,0.24903434000443667,0.0994784090964293,0.00028655708164853207,5,11,3502,1.2451717000221834,1.0942625000607222,1.0035228999331594,1.0,3000,10.372347549999056
A_variar_N,B+,ordenado,3000,1000,4,0.001825337366572187,0.0005470160480057943,0.00016290351843351123,562,1832,6537,1.025839600013569,1.002133399946615,1.064900299999863,1.0,3,10.42758345999949
A_variar_N,Lista,ordenado,3000,1000,4,7.3873412576218e-05,0.04772745651881332,0.00014699354079903088,13544,23,6812,1.0005414999322966,1.0977314999327064,1.0013199999229982,1.0,,10.480225231665342
A_variar_N,Lista,aleatorio,30000,1000,4,0.0006476521289967482,0.549058549979236,0.005282777040835698,1550,2,196,1.0038607999449596,1.098117099958472,1.0354243000037968,1.0,,10.543064793333178
A_variar_N,ABB,aleatorio,30000,1000,4,0.04788342272778126,0.0018024318183974162,0.0031826844235093004,22,572,321,1.0534353000111878,1.030991000123322,1.0216416999464855,1.0,34,10.59771738333317
A_variar_N,B+,aleatorio,30000,1000,4,0.025417855813514526,0.0007623535715217637,0.001514484789236505,43,1316,664,1.0929677999811247,1.003257300122641,1.0056179000530392,1.0,4,10.652913111665596
A_variar_N,ABB,aleatorio,10000,1000,4,0.013462774666647116,0.001475962114461565,0.0010189870803494724,75,681,983,1.0097080999985337,1.0051301999483258,1.0016642999835312,1.0,30,10.705454293331908
A_variar_N,B+,aleatorio,10000,1000,4,0.007361039006587198,0.0006033092492480983,0.0005142814401252871,141,1665,1972,1.0379064999287948,1.0045098999980837,1.0141629999270663,1.0,3,10.7600111049988
A_variar_N,Lista,aleatorio,10000,1000,4,0.0002138351109423182,0.18332518334500492,0.0015333668140977467,4688,6,678,1.0024590000975877,1.0999511000700295,1.0396226999582723,1.0,,10.815697944998586
A_variar_N,Lista,aleatorio,300,1000,4,7.009634023584713e-06,0.005459638587047305,2.1327497169426793e-05,147332,184,47714,1.0327433999627829,1.0045735000167042,1.01762019994203,1.0,,10.867191933332167
A_variar_N,ABB,aleatorio,300,1000,4,0.00020196387498370633,0.0006973853862339536,2.7972981980121623e-05,4991,1437,36013,1.0080017000436783,1.0021428000181913,1.00739100005012,1.0,17,10.91995812166521
A_variar_N,B+,aleatorio,300,1000,4,0.00016869754843732858,0.0004142222682974727,1.5615872043167358e-05,6037,2416,65272,1.0184270999161527,1.000761000206694,1.0192792000016198,1.0,2,10.974661761665873
A_variar_N,ABB,ordenado,300,1000,5,0.0025028141791149233,0.009562543396758934,2.8070183284081987e-05,402,106,36228,1.0061313000041991,1.013629600056447,1.0169266000157222,1.0,300,11.025951408332912
A_variar_N,Lista,ordenado,300,1000,5,7.270399248729724e-06,0.004802448803705997,1.4325314693248066e-05,139537,209,70386,1.0144896999699995,1.0037117999745533,1.0083015999989584,1.0,,11.077004499999264
A_variar_N,B+,ordenado,300,1000,5,0.0001515405720386476,0.00041661886717489564,1.715403301914584e-05,6608,2401,58455,1.0013801000313833,1.0003019000869244,1.00273900013417,1.0,2,11.131084343333107
A_variar_N,B+,ordenado,100,1000,5,4.709927197703546e-05,0.0003970178613199456,5.646780654591874e-06,21840,2525,183469,1.0286480999784544,1.0024700998328626,1.0360091999173164,1.0,2,11.186045383332141
A_variar_N,ABB,ordenado,100,1000,5,0.0002841499858137895,0.0033114298697343313,9.769774048840834e-06,3527,308,104536,1.0021969999652356,1.019920399878174,1.0212930999696255,1.0,100,11.237467381666647
A_variar_N,Lista,ordenado,100,1000,5,2.598864612593517e-06,0.0017027544687324616,4.887393496008193e-06,385419,593,206917,1.0016518001211807,1.0097333999583498,1.0112848000135273,1.0,,11.288969431666192
A_variar_N,ABB,aleatorio,100000,1000,5,0.26296816000249235,0.0029429054598928825,0.018787073684251754,5,348,57,1.3148408000124618,1.0241311000427231,1.07086320000235,1.0,40,11.356337353332977
A_variar_N,B+,aleatorio,100000,1000,5,0.10044599999673665,0.000926521376048753,0.0067179692807163,11,1090,153,1.104905999964103,1.0099082998931408,1.0278492999495938,1.0,4,11.414399733332296
A_variar_N,Lista,aleatorio,100000,1000,5,0.002568809693912044,2.338406899943948,0.021571855318356068,392,1,47,1.0069734000135213,2.338406899943948,1.0138771999627352,1.0,,11.488102901664872
A_variar_N,B+,ordenado,100000,1000,5,0.07573827332817018,0.0009398732647146002,0.005175720918115837,15,1066,196,1.1360740999225527,1.0019049001857638,1.014441299950704,1.0,4,11.547393504999734
A_variar_N,Lista,ordenado,100000,1000,5,0.0022847315070079,1.6101692999945953,0.0054514692710654344,438,1,192,1.0007124000694603,1.6101692999945953,1.0466821000445634,1.0,,11.608833203332809
A_variar_N,B+,aleatorio,1000,1000,5,0.0006253067870127967,0.0005189412402215316,4.907341528177498e-05,1606,1935,20745,1.0042426999425516,1.0041512998286635,1.018028000020422,1.0,3,11.66321532833196
A_variar_N,ABB,aleatorio,1000,1000,5,0.0008303372756856057,0.0009026314182912586,9.275723085907824e-05,1226,1114,10877,1.0179934999905527,1.0055313999764621,1.008920400054194,1.0,26,11.716020323332243
A_variar_N,Lista,aleatorio,1000,1000,5,2.3185433426162083e-05,0.017940686206766886,8.565386942016603e-05,43133,58,11901,1.0000572999706492,1.0405597999924794,1.019366699969396,1.0,,11.767579069999435
A_variar_N,ABB,aleatorio,3000,1000,5,0.003106670897820209,0.0011363348022555818,0.0003070739011256927,323,885,3276,1.0034546999959275,1.0056562999961898,1.0059741000877693,1.0,25,11.8199728416667
A_variar_N,Lista,aleatorio,3000,1000,5,7.124451548416876e-05,0.052291409997269514,0.00038267207796905246,14076,20,2618,1.0028377999551594,1.0458281999453902,1.0018355001229793,1.0,,11.871877616665248
A_variar_N,B+,aleatorio,3000,1000,5,0.00208588693865898,0.000554700609657422,0.00015531369351791014,490,1804,6441,1.0220845999429002,1.0006798998219892,1.0003754999488592,1.0,3,11.92593984999888
A_variar_N,B+,ordenado,1000,1000,5,0.0005679594487589821,0.0005776090645575444,5.252406121306376e-05,1778,1732,19147,1.00983189989347,1.000418899813667,1.0056782000465319,1.0,3,11.980161938333186
A_variar_N,ABB,ordenado,1000,1000,5,0.02797496052593679,0.03267107419143882,9.589006615555638e-05,38,31,10429,1.063048499985598,1.0128032999346033,1.0000374999362975,1.0,1000,12.032645676665318
A_variar_N,Lista,ordenado,1000,1000,5,2.2356554388604987e-05,0.015569231818627679,4.865673418019337e-05,45275,66,20589,1.0121929999440908,1.0275693000294268,1.0017935000360012,1.0,,12.083853954998387
A_variar_N,ABB,ordenado,10000,1000,5,2.722387899993919,0.32913672499125823,0.0009185229147477955,1,4,1091,2.722387899993919,1.316546899965033,1.0021084999898449,1.0,10000,12.173799598331486
A_variar_N,Lista,ordenado,10000,1000,5,0.00021490047240139032,0.15392618571474617,0.0004968478679908922,4657,7,2181,1.0007914999732748,1.0774833000032231,1.083625200088136,1.0,,12.229282818333013
A_variar_N,B+,ordenado,10000,1000,5,0.006692005521360716,0.0007154045713832601,0.0005054255790720217,163,1400,2029,1.0907968999817967,1.0015663999365643,1.025508499937132,1.0,4,12.28438759833225
A_variar_N,B+,ordenado,30000,1000,5,0.021430960785615825,0.0007643160483546775,0.0015959346091725302,51,1321,627,1.092979000066407,1.009661499876529,1.0006509999511763,1.0,4,12.340220498332444
A_variar_N,ABB,ordenado,30000,1000,5,24.670920799952,0.9856086499639787,0.0027339070846963604,1,2,367,24.670920799952,1.9712172999279574,1.0033439000835642,1.0,30000,12.817745176665873
A_variar_N,Lista,ordenado,30000,1000,5,0.0006572552581203163,0.46782706670152646,0.0014619247297240371,1569,3,740,1.0312334999907762,1.4034812001045793,1.0818242999957874,1.0,,12.884545926666275
A_variar_N,B+,aleatorio,30000,1000,5,0.025282911903646198,0.0008192645371750449,0.0015391131098844997,42,1221,656,1.0618822999531403,1.0003219998907298,1.0096582000842318,1.0,4,12.940282529999967
A_variar_N,ABB,aleatorio,30000,1000,5,0.04848814545072277,0.0018528266909908523,0.0032537281550888975,22,547,309,1.0667391999159008,1.0134961999719962,1.0054019999224693,1.0,32,12.994392446665248
A_variar_N,Lista,aleatorio,30000,1000,5,0.0006360915556017842,0.5401704999967478,0.005232251562726257,1575,2,192,1.00184420007281,1.0803409999934956,1.0045923000434414,1.0,,13.055434743332444
A_variar_N,ABB,aleatorio,300,1000,5,0.00023972692306928168,0.0008779245415523518,2.7940707940681693e-05,4186,1145,36020,1.0034968999680132,1.0052236000774428,1.0064243000233546,1.0,21,13.107806434998444
A_variar_N,Lista,aleatorio,300,1000,5,7.133518236884218e-06,0.005212354638791384,2.0983692883898245e-05,142597,194,48672,1.0172183000249788,1.0111967999255285,1.0213183000450954,1.0,,13.159208248332531
A_variar_N,B+,aleatorio,300,1000,5,0.00016770414578448452,0.0004316561070665151,1.5403397426313113e-05,5982,2317,65844,1.0032062000827864,1.0001472000731155,1.0142213001381606,1.0,2,13.213580566666012
A_variar_N,B+,aleatorio,100,1000,5,5.061323747471599e-05,0.0003975253665522243,5.205855810090669e-06,20238,2523,198128,1.0243107000133023,1.002956499811262,1.031425799941644,1.0,2,13.268402546665554
A_variar_N,ABB,aleatorio,100,1000,5,6.0405030417824924e-05,0.0006323054648734554,9.324218976221667e-06,16599,1592,107263,1.002663099905476,1.006630300078541,1.0001437000464648,1.0,14,13.321112683331982
A_variar_N,Lista,aleatorio,100,1000,5,2.493591292869353e-06,0.0017496466437489334,6.445738494460516e-06,408850,581,158383,1.019504800089635,1.0165447000181302,1.0208953999681398,1.0,,13.373074699998446
A_variar_N,ABB,ordenado,3000,1000,5,0.2566378799965605,0.10125229999804022,0.00028635166945430304,5,11,3534,1.2831893999828026,1.1137752999784425,1.011966799851507,1.0,3000,13.436127849998108
A_variar_N,Lista,ordenado,3000,1000,5,7.259869281362407e-05,0.046919426086115774,0.00015018540858536527,14076,23,6963,1.0218992000445724,1.0791467999806628,1.0457409999798983,1.0,,13.489512343332171
A_variar_N,B+,ordenado,3000,1000,5,0.0017950334517845346,0.0005462064888026675,0.00015498033587870593,562,1834,6550,1.0088087999029085,1.0017427004640922,1.0151212000055239,1.0,3,13.543696791665086
A_variar_N,ABB,aleatorio,10000,1000,5,0.012861299999349285,0.0014073650836203164,0.0010215416081464995,80,716,995,1.0289039999479428,1.0076733998721465,1.016433900105767,1.0,32,13.596930559998146
A_variar_N,Lista,aleatorio,10000,1000,5,0.0002240791470186679,0.1725219333311543,0.0014523760522398097,4877,6,689,1.0928340000100434,1.0351315999869257,1.000687099993229,1.0,,13.652230549999512
A_variar_N,B+,aleatorio,10000,1000,5,0.007360711888331998,0.0005882372733613181,0.0005009547198184874,143,1709,2034,1.0525818000314757,1.0052975001744926,1.0189419001108035,1.0,3,13.707245571664922
A_variar_N,Lista,ordenado,1000,1000,6,2.3092672286973797e-05,0.015429633332656302,4.9661800487148156e-05,43315,66,20139,1.00025910011027,1.0183557999553159,1.0001390000106767,1.0,,13.758256999998897
A_variar_N,B+,ordenado,1000,1000,6,0.0005690786485258259,0.0005242535565584259,5.30360689532128e-05,1761,1912,18972,1.0021475000539795,1.0023728001397103,1.0062003001803532,1.0,3,13.812246071665625
A_variar_N,ABB,ordenado,1000,1000,6,0.028556145947879634,0.033113328125182306,9.557517151208931e-05,37,32,10786,1.0565774000715464,1.0596265000058338,1.0308737999293953,1.0,1000,13.86593924666522
A_variar_N,Lista,aleatorio,1000,1000,6,2.264667282163138e-05,0.018359651784911484,8.920374634566721e-05,44407,56,11291,1.0056707999901846,1.0281404999550432,1.0071994999889284,1.0,,13.917320344998734
A_variar_N,B+,aleatorio,1000,1000,6,0.0006532548596889305,0.0005390033388924602,5.320768193571581e-05,1533,1857,19292,1.0014396999031305,1.0009292003232986,1.0264825999038294,1.0,3,13.971892921665374
A_variar_N,ABB,aleatorio,1000,1000,6,0.000913329112835222,0.0009664809659735304,9.618828215255561e-05,1161,1035,10420,1.0603751000016928,1.000307799782604,1.0022819000296295,1.0,22,14.025235649999619
A_variar_N,Lista,aleatorio,100000,1000,6,0.002247519180949392,2.356841400032863,0.021945091303559424,464,1,46,1.0428488999605179,2.356841400032863,1.0094741999637336,1.0,,14.10252356499938
A_variar_N,B+,aleatorio,100000,1000,6,0.10152922726278617,0.0009260201471555283,0.0069280958906683615,11,1087,146,1.1168214998906478,1.0065838999580592,1.0115020000375807,1.0,4,14.160547454998596
A_variar_N,ABB,aleatorio,100000,1000,6,0.25499569999519733,0.0029498874271092447,0.019034605555201846,5,342,54,1.2749784999759868,1.0088615000713617,1.0278686999808997,1.0,42,14.223525221665234
A_variar_N,B+,aleatorio,100,1000,6,5.1235343793789085e-05,0.0003952304176253049,5.2659481055319055e-06,20128,2538,197014,1.0312649998813868,1.0030947999330238,1.0374655000632629,1.0,2,14.27899690666624
A_variar_N,Lista,aleatorio,100,1000,6,2.5563101686198765e-06,0.0017752924694674785,6.574980803729028e-06,391503,571,157587,1.0008030999451876,1.0136920000659302,1.0361314999172464,1.0,,14.330875818332425
A_variar_N,ABB,aleatorio,100,1000,6,4.9745405057486087e-05,0.0005074356782635643,9.058449957508565e-06,20392,1976,113042,1.0144082999322563,1.0026929002488032,1.0239853000966832,1.0,11,14.38459934333223
A_variar_N,ABB,aleatorio,300,1000,6,0.000211738347281433,0.0007361603049387012,2.843422907695154e-05,4780,1378,35464,1.0121093000052497,1.0144289002055302,1.0083914999850094,1.0,18,14.437763909999436
A_variar_N,B+,aleatorio,300,1000,6,0.00016611450824766255,0.00041733145825370837,1.5323981332249296e-05,6162,2400,65993,1.0235975998220965,1.0015954998089,1.0112755000591278,1.0,2,14.49249074999825
A_variar_N,Lista,aleatorio,300,1000,6,7.585398148470973e-06,0.005804265829402223,2.1019001488058977e-05,131860,199,48412,1.0002105998573825,1.1550489000510424,1.0175719000399113,1.0,,14.545992733332485
A_variar_N,Lista,ordenado,100000,1000,6,0.002226612610491075,1.8457231998909265,0.006057183133404568,452,1,166,1.006428899941966,1.8457231998909265,1.0054924001451582,1.0,,14.613035733332314
A_variar_N,B+,ordenado,100000,1000,6,0.0764408400049433,0.0009387429908057239,0.006101160464526782,15,1070,172,1.1466126000741497,1.0044550001621246,1.0493995998986065,1.0,4,14.670862618333194
A_variar_N,Lista,ordenado,10000,1000,6,0.00022509988747548872,0.16006052858262723,0.00048334680269567333,4444,7,2205,1.0003438999410719,1.1204237000783905,1.0657796999439597,1.0,,14.727169244998368
A_variar_N,B+,ordenado,10000,1000,6,0.006307556969113648,0.0006919134667436515,0.0005210410150762499,165,1448,1931,1.040746899903752,1.0018906998448074,1.0061302001122385,1.0,4,14.781353441666578
A_variar_N,ABB,ordenado,10000,1000,6,2.875624699983746,0.3267604249995202,0.0009608792134757722,1,4,1068,2.875624699983746,1.3070416999980807,1.0262189999921247,1.0,10000,14.874135229998501
A_variar_N,ABB,ordenado,300,1000,6,0.0025007937963770024,0.009679427618781726,2.9076851955947024e-05,403,105,34612,1.007819899939932,1.0163398999720812,1.0064079998992383,1.0,300,14.925276968333248
A_variar_N,B+,ordenado,300,1000,6,0.00015212796107093142,0.0004109318966653094,1.640089425800505e-05,6577,2436,62510,1.000545599963516,1.0010301002766937,1.0252199000678957,1.0,2,14.979754711666223
A_variar_N,Lista,ordenado,300,1000,6,7.271057888627171e-06,0.004730521126851404,1.4407598613094242e-05,138663,213,70276,1.0082267000107095,1.0076010000193492,1.012508400133811,1.0,,15.030797576665645
A_variar_N,B+,ordenado,3000,1000,6,0.0018426652095248357,0.0005534316372024349,0.00015540094846705423,549,1808,6537,1.0116232000291348,1.0006044000620022,1.0158560001291335,1.0,3,15.085231923333291
A_variar_N,Lista,ordenado,3000,1000,6,6.75099535615633e-05,0.046707747822991856,0.0001484559477936533,14859,23,6742,1.003130399971269,1.0742781999288127,1.0008900000248104,1.0,,15.137486474999848
A_variar_N,ABB,ordenado,3000,1000,6,0.24980091999750584,0.09900449091483923,0.0002787857970363582,5,11,3626,1.2490045999875292,1.0890494000632316,1.010877300053835,1.0,3000,15.19981555333167
A_variar_N,B+,ordenado,100,1000,6,4.715936488984295e-05,0.0003960377172203543,5.634217827642009e-06,21634,2532,182364,1.0202457000268623,1.0027675000019372,1.0274784999201074,1.0,2,15.254550371666362
A_variar_N,Lista,ordenado,100,1000,6,2.558235116383938e-06,0.0016768813333086047,4.820504179495678e-06,400729,600,210084,1.025158999953419,1.006128799985163,1.01271080004517,1.0,,15.306341648332698
A_variar_N,ABB,ordenado,100,1000,6,0.0002941181711382645,0.0032154580439390963,9.605494809970211e-06,3401,317,104808,1.0002959000412375,1.0193001999286935,1.006732700043358,1.0,100,15.35745804333322
A_variar_N,Lista,aleatorio,30000,1000,6,0.0006406715895062096,0.5384887999971397,0.0052945603015154,1598,2,199,1.023793200030923,1.0769775999942794,1.0536175000015646,1.0,,15.42076006666563
A_variar_N,B+,aleatorio,30000,1000,6,0.025030788095180122,0.0007610146212920716,0.001568274728975497,42,1320,645,1.0512930999975652,1.0045393001055345,1.0115372001891956,1.0,4,15.475439011666458
A_variar_N,ABB,aleatorio,30000,1000,6,0.049936819045494,0.0019259589355520395,0.004038612097276435,21,526,248,1.048673199955374,1.0130544001003727,1.0015758001245558,1.0,38,15.529364619999736
A_variar_N,Lista,ordenado,30000,1000,6,0.0006441305484593019,0.4635356666597848,0.001480722824475607,1568,3,701,1.0099966999841854,1.3906069999793544,1.0379866999574006,1.0,,15.595769041666063
A_variar_N,B+,ordenado,30000,1000,6,0.02117995882187696,0.0007782968918256687,0.0015124503002913149,51,1287,666,1.080177899915725,1.0016680997796357,1.0072918999940157,1.0,4,15.650557496666442
A_variar_N,ABB,ordenado,30000,1000,6,24.643488400033675,0.9730210999841802,0.0027422356950271396,1,2,367,24.643488400033675,1.9460421999683604,1.0064005000749603,1.0,30000,16.127352656666577
A_variar_N,B+,aleatorio,3000,1000,6,0.0020799066939411978,0.0005478050903716396,0.00014978683707830365,493,1827,6807,1.0253940001130104,1.0008399001089856,1.019598999992013,1.0,3,16.18206561333306
A_variar_N,Lista,aleatorio,3000,1000,6,6.913237511759047e-05,0.053124895005021246,0.0003790010554123427,14854,20,2653,1.026892299996689,1.0624979001004249,1.0054898000089452,1.0,,16.23473946999875
A_variar_N,ABB,aleatorio,3000,1000,6,0.003244852499847184,0.001198903823147885,0.00030559810800838796,320,837,3277,1.0383527999510989,1.0034824999747798,1.0014449999434873,1.0,32,16.28736719166627
A_variar_N,Lista,aleatorio,10000,1000,6,0.00022449803351315374,0.17624611667512605,0.001491114456066376,4475,6,671,1.004628699971363,1.0574767000507563,1.0005378000205383,1.0,,16.341902338333117
A_variar_N,B+,aleatorio,10000,1000,6,0.007442710071922742,0.0006018966345996327,0.0005151405650934375,139,1664,1982,1.0345366999972612,1.0015559999737889,1.0210086000151932,1.0,3,16.396493269999823
A_variar_N,ABB,aleatorio,10000,1000,6,0.0125132421682398,0.001380264130484252,0.001028648293254538,83,736,996,1.0385990999639034,1.0158744000364095,1.0245337000815198,1.0,29,16.449762966666217
A_variar_N,Lista,aleatorio,300,1000,7,7.156715455518605e-06,0.005227565128380098,2.1363925842158688e-05,142656,195,46981,1.020948400022462,1.0193752000341192,1.0036985999904573,1.0,,16.50109371333189
A_variar_N,B+,aleatorio,300,1000,7,0.00017015953395540392,0.0004132616845179506,1.5482998667377993e-05,5879,2422,65289,1.0003679001238197,1.0009197999024764,1.0108694999944419,1.0,2,16.55539073833303
A_variar_N,ABB,aleatorio,300,1000,7,0.00020881637235425774,0.0007276342028542759,2.8587652372483622e-05,4813,1380,35521,1.0050332001410425,1.0041351999389008,1.0154619999229908,1.0,18,16.608262093332208
A_variar_N,ABB,aleatorio,3000,1000,7,0.0030999055390895152,0.0011389947847712388,0.0003043658181912068,343,882,3300,1.0632675999077037,1.0045934001682326,1.0044072000309825,1.0,25,16.661552764999215
A_variar_N,Lista,aleatorio,3000,1000,7,6.716698144127199e-05,0.05247398499632254,0.00037553409258629834,15037,20,2678,1.0099898999324068,1.0494796999264508,1.005680299946107,1.0,,16.71372313333171
A_variar_N,B+,aleatorio,3000,1000,7,0.002166458658039473,0.0005528358564434254,0.00015292878487826252,462,1810,6559,1.0009039000142366,1.0006329001626,1.003059900016524,1.0,3,16.76757830833279
A_variar_N,Lista,ordenado,300,1000,7,7.279607242591942e-06,0.004697419999730448,1.449346350584659e-05,139221,215,69242,1.0134741999208927,1.0099452999420464,1.0035564000718296,1.0,,16.818614698333356
A_variar_N,B+,ordenado,300,1000,7,0.00014894436858981376,0.0004144713042523735,1.6020464620351733e-05,6739,2415,63148,1.0037360999267548,1.000948199769482,1.0116602998459712,1.0,2,16.872948261666654
A_variar_N,ABB,ordenado,300,1000,7,0.00251427368391632,0.00977915728089481,3.526296999348429e-05,399,103,29495,1.0031951998826116,1.0072531999321654,1.0400812999578193,1.0,300,16.924309099999178
A_variar_N,B+,ordenado,100,1000,7,4.73096871277976e-05,0.00039624958519880147,5.669943141148958e-06,21255,2531,183612,1.005567399901338,1.0029077001381665,1.0410696000326425,1.0,2,16.9791175766654
A_variar_N,Lista,ordenado,100,1000,7,2.454617032703586e-06,0.0016567841056959445,4.89098676380014e-06,423822,604,210557,1.0403207000344992,1.0006975998403504,1.029831500025466,1.0,,17.031391068332596
A_variar_N,ABB,ordenado,100,1000,7,0.0002794574840256561,0.003263773750222754,9.609597207832226e-06,3601,320,107177,1.0063263999763876,1.0444076000712812,1.0299277999438345,1.0,100,17.083392934999818
A_variar_N,ABB,aleatorio,30000,1000,7,0.049663495452312585,0.0018672369202816642,0.0032481814104800997,22,539,312,1.0925968999508768,1.006440700031817,1.013432600069791,1.0,32,17.138718299998438
A_variar_N,Lista,aleatorio,30000,1000,7,0.0006356425786174178,0.5366558500099927,0.0051933887258272474,1590,2,204,1.0106717000016943,1.0733117000199854,1.0594513000687584,1.0,,17.200186691666023
A_variar_N,B+,aleatorio,30000,1000,7,0.026573267440463223,0.000812675142195454,0.0015204409425406112,43,1231,679,1.1426504999399185,1.000403100042604,1.032379399985075,1.0,4,17.25646241333258
A_variar_N,ABB,ordenado,3000,1000,7,0.2510552600026131,0.10090240000069818,0.00028265416784221926,5,11,3563,1.2552763000130653,1.10992640000768,1.0070968000218272,1.0,3000,17.318870339998586
A_variar_N,Lista,ordenado,3000,1000,7,6.842318999132728e-05,0.04636865000198172,0.00015052643488527626,14627,22,6673,1.0008260000031441,1.0201103000435978,1.0044628999894485,1.0,,17.370287674999176
A_variar_N,B+,ordenado,3000,1000,7,0.0018666373428686304,0.0005481707945797745,0.00015958524354315752,557,1825,6282,1.039716999977827,1.0004117001080886,1.0025144999381155,1.0,3,17.424940120000006
A_variar_N,ABB,ordenado,10000,1000,7,2.7881711999652907,0.32914787498884834,0.000907184837498645,1,4,1108,2.7881711999652907,1.3165914999553934,1.0051607999484986,1.0,10000,17.516194991666513
A_variar_N,Lista,ordenado,10000,1000,7,0.00022512721561233117,0.15808854285361512,0.0004938162579776365,4457,7,2202,1.00339199998416,1.1066197999753058,1.0873834000667557,1.0,,17.572313629998824
A_variar_N,B+,ordenado,10000,1000,7,0.006403834755651698,0.0006998732028982686,0.0005097976142332563,164,1433,1970,1.0502288999268785,1.002918299753219,1.004301300039515,1.0,4,17.626415614999132
A_variar_N,ABB,ordenado,30000,1000,7,24.90799859992694,0.984517449978739,0.0027866783640335133,1,2,379,24.90799859992694,1.969034899957478,1.0561510999687016,1.0,30000,18.10951507333278
A_variar_N,Lista,ordenado,30000,1000,7,0.0006169839483642261,0.463851433324938,0.0014935534151940214,1626,3,732,1.0032159000402316,1.391554299974814,1.0932810999220237,1.0,,18.175565461665006
A_variar_N,B+,ordenado,30000,1000,7,0.021230073999613523,0.0007902956555750498,0.0014764906434146198,50,1266,684,1.0615036999806762,1.000514299958013,1.0099196000956,1.0,4,18.229934276665638
A_variar_N,ABB,ordenado,1000,1000,7,0.027683794592834404,0.03278688484605289,0.00011010880641302994,37,33,10481,1.024300399934873,1.0819671999197453,1.1540504000149667,1.0,1000,18.285677651665175
A_variar_N,B+,ordenado,1000,1000,7,0.000606000666274745,0.0005365927652645525,5.5294389282916865e-05,1651,1866,18126,1.000507100019604,1.001282099983655,1.0022661001421511,1.0,3,18.339572826666213
A_variar_N,Lista,ordenado,1000,1000,7,2.2619587050224585e-05,0.01560163030323262,5.028812229086508e-05,44412,66,19886,1.0045811000745744,1.029707600013353,1.000029599876143,1.0,,18.390703803331903
A_variar_N,ABB,aleatorio,10000,1000,7,0.013061617948831273,0.0014296440508549046,0.001018324796852421,78,706,984,1.0188062000088394,1.0093286999035627,1.0020316001027822,1.0,30,18.443492163331637
A_variar_N,Lista,aleatorio,10000,1000,7,0.00021238301525586004,0.17719026666600257,0.0014775367435242348,4716,6,694,1.001598299946636,1.0631415999960154,1.025410500005819,1.0,,18.498201394998855
A_variar_N,B+,aleatorio,10000,1000,7,0.00731516853170274,0.0006032425646425137,0.0004974807804541254,143,1661,2050,1.0460691000334918,1.0019858998712152,1.019835599930957,1.0,3,18.55289913499922
A_variar_N,ABB,aleatorio,100000,1000,7,0.26938449998851866,0.0029594410028154785,0.019323443396473832,4,339,53,1.0775379999540746,1.0032504999544472,1.024142500013113,1.0,38,18.616682976666684
A_variar_N,B+,aleatorio,100000,1000,7,0.10259979999391362,0.0009416776316028606,0.009121863717477011,10,1064,113,1.0259979999391362,1.0019450000254437,1.0307706000749022,1.0,4,18.673336553333016
A_variar_N,Lista,aleatorio,100000,1000,7,0.002189889542600201,2.331454800092615,0.021443504255582044,459,1,47,1.0051593000534922,2.331454800092615,1.007844700012356,1.0,,18.746881196665345
A_variar_N,ABB,aleatorio,1000,1000,7,0.0009086529037428381,0.0009855930119391722,9.59866481866005e-05,1102,1016,10463,1.0013354999246076,1.001362500130199,1.004308299976401,1.0,25,18.79951046499967
A_variar_N,B+,aleatorio,1000,1000,7,0.0006359992376493179,0.0005331476620204478,5.0071740322996316e-05,1574,1882,20025,1.0010628000600263,1.0033838999224827,1.0026865999680012,1.0,3,18.8537521999989
A_variar_N,Lista,aleatorio,1000,1000,7,2.32212854852502e-05,0.018596415516342325,9.013330090045336e-05,43081,58,11306,1.000396199990064,1.0785920999478549,1.0190470999805257,1.0,,18.905958428332816
A_variar_N,B+,aleatorio,100,1000,7,5.680992549358012e-05,0.00041707748123091196,5.486827613511095e-06,17853,2398,191947,1.014227599836886,1.0001517999917269,1.0531800999306142,1.0,2,18.96103293833245
A_variar_N,Lista,aleatorio,100,1000,7,2.610406060352813e-06,0.0018731047880439634,6.966982552579278e-06,383219,543,144145,1.0003572000423446,1.017095899907872,1.00425570004154,1.0,,19.012499961666375
A_variar_N,ABB,aleatorio,100,1000,7,5.5678689332430185e-05,0.000567836702547816,9.273399109803335e-06,18235,1771,109361,1.0153008999768645,1.005638800212182,1.0141482000472024,1.0,13,19.065958504999678
A_variar_N,B+,ordenado,100000,1000,7,0.07662250714409831,0.0009611029608874317,0.005225423267595285,14,1047,202,1.0727151000173762,1.006274800049141,1.0555355000542477,1.0,4,19.124693319998915
A_variar_N,Lista,ordenado,100000,1000,7,0.0021869567098414516,1.6342576999450102,0.005609231579460596,462,1,190,1.0103739999467507,1.6342576999450102,1.0657540000975132,1.0,,19.187031436664984
A_variar_N,Lista,aleatorio,10000,1000,8,0.00022645785491316715,0.17802776667910317,0.001470893245359962,4494,6,681,1.0177015999797732,1.068166600074619,1.0016783000901341,1.0,,19.242151576666704
A_variar_N,ABB,aleatorio,10000,1000,8,0.01222472499995049,0.0013955947295562383,0.001028614705848804,84,721,986,1.026876899995841,1.0062238000100479,1.014214099966921,1.0,28,19.294953058332126
A_variar_N,B+,aleatorio,10000,1000,8,0.007363159439878186,0.0006007100060669211,0.0005145652920773978,143,1669,2037,1.0529317999025807,1.0025850001256913,1.0481694999616593,1.0,3,19.35024336166486
A_variar_N,B+,ordenado,3000,1000,8,0.001847161120782409,0.0005534697455777457,0.00015922830099090164,571,1808,6392,1.0547289999667555,1.0006733000045642,1.0177872999338433,1.0,3,19.4052094099985
A_variar_N,Lista,ordenado,3000,1000,8,6.934611723375391e-05,0.04672644545578144,0.000153048247493053,14706,22,6562,1.019804000039585,1.0279818000271916,1.0043026000494137,1.0,,19.457068056665594
A_variar_N,ABB,ordenado,3000,1000,8,0.2554866600083187,0.10060227272862737,0.00028574408080235894,5,11,3514,1.2774333000415936,1.1066250000149012,1.0041046999394894,1.0,3000,19.519663651665905
A_variar_N,Lista,aleatorio,100000,1000,8,0.002207011706241968,2.5141292000189424,0.022942420455034484,504,1,44,1.112333899945952,2.5141292000189424,1.0094665000215173,1.0,,19.600767503331493
A_variar_N,ABB,aleatorio,100000,1000,8,0.2551936999952886,0.002896245810276095,0.018757374073309754,4,358,54,1.0207747999811545,1.036856000078842,1.0128981999587268,1.0,40,19.6607937966648
A_variar_N,B+,aleatorio,100000,1000,8,0.10068669999864968,0.0009250466360963778,0.006814342666572581,11,1085,150,1.1075536999851465,1.00367560016457,1.022151399985887,1.0,4,19.718743156665006
A_variar_N,Lista,ordenado,100000,1000,8,0.0021670227273149632,1.6474224999547005,0.005627136170353859,462,1,188,1.001164500019513,1.6474224999547005,1.0579016000265256,1.0,,19.783379564998903
A_variar_N,B+,ordenado,100000,1000,8,0.07689971999886135,0.000978506445221683,0.005373711000429466,15,1024,200,1.1534957999829203,1.0019905999070033,1.0747422000858933,1.0,4,19.841458699999688
A_variar_N,Lista,ordenado,30000,1000,8,0.0006485996890664842,0.4831650999840349,0.00152465699405487,1608,3,672,1.0429483000189066,1.4494952999521047,1.0245695000048727,1.0,,19.90908219999983
A_variar_N,ABB,ordenado,30000,1000,8,25.714055699994788,1.005073899985291,0.002731367934915318,1,1,368,25.714055699994788,1.005073899985291,1.005143400048837,1.0,30000,20.37155231833264
A_variar_N,B+,ordenado,30000,1000,8,0.021473681998904794,0.0007653891684879598,0.0015089094170030925,50,1311,669,1.0736840999452397,1.0034251998877153,1.0094603999750689,1.0,4,20.426301719999174
A_variar_N,B+,ordenado,100,1000,8,4.684007557719236e-05,0.00040103341297742626,5.6317001177726475e-06,21699,2508,179217,1.016382799949497,1.005791799747385,1.0092964000068605,1.0,2,20.480731603332483
A_variar_N,Lista,ordenado,100,1000,8,2.5939935181915273e-06,0.0016727019999719535,4.852708208184843e-06,401716,600,210102,1.0420487001538277,1.0036211999831721,1.019563699956052,1.0,,20.532907764999738
A_variar_N,ABB,ordenado,100,1000,8,0.00028060195313628356,0.003273227272476614,9.775376912821997e-06,3584,308,107253,1.0056774000404403,1.008153999922797,1.0484385000308976,1.0,100,20.58457895666555
A_variar_N,B+,aleatorio,3000,1000,8,0.002119423858763426,0.000553169817562823,0.00014879958945820845,482,1809,6820,1.0215622999239713,1.0006841999711469,1.0148132001049817,1.0,3,20.63900130499969
A_variar_N,Lista,aleatorio,3000,1000,8,7.117980854729047e-05,0.0538068950001616,0.00038943099238348145,14625,20,2620,1.0410047000041232,1.076137900003232,1.0203092000447214,1.0,,20.69245326499998
A_variar_N,ABB,aleatorio,3000,1000,8,0.0030425664722381848,0.001119702895361731,0.0003054891133695544,343,898,3316,1.0436002999776974,1.0054932000348344,1.0130018999334425,1.0,26,20.74550840833302
A_variar_N,ABB,aleatorio,300,1000,8,0.00021400462535657098,0.0007509309703783034,2.8698939365487968e-05,4778,1340,35639,1.0225140999536961,1.0062475003069267,1.0228015000466257,1.0,18,20.79865397666581
A_variar_N,B+,aleatorio,300,1000,8,0.00016479280918003667,0.0004126656907562589,1.4925630559500792e-05,6105,2425,68352,1.0060601000441238,1.0007143000839278,1.0201967000029981,1.0,2,20.853097634999237
A_variar_N,Lista,aleatorio,300,1000,8,7.2012708926104895e-06,0.00542243229210726,2.0801338757031113e-05,142813,192,49150,1.0284350999863818,1.041107000084594,1.0223857999080792,1.0,,20.905160393333063
A_variar_N,Lista,ordenado,10000,1000,8,0.00021808559397340111,0.1584818428548585,0.0005065885569334408,4630,7,1975,1.0097363000968471,1.1093728999840096,1.0005123999435455,1.0,,20.960415048332653
A_variar_N,ABB,ordenado,10000,1000,8,2.759048599982634,0.32805102498969063,0.0009578411487543258,1,4,1062,2.759048599982634,1.3122040999587625,1.017227299977094,1.0,10000,21.050990919999702
A_variar_N,B+,ordenado,10000,1000,8,0.006325151496650484,0.0006870435528771438,0.0005106376128485137,167,1458,1994,1.0563002999406308,1.0017095000948757,1.0182114000199363,1.0,4,21.105368241665808
A_variar_N,B+,aleatorio,100,1000,8,5.0473306219507104e-05,0.00039539739957968783,5.2369870823353585e-06,20162,2538,194549,1.0176427999977022,1.0035186001332477,1.0188505998812616,1.0,2,21.159942318332227
A_variar_N,Lista,aleatorio,100,1000,8,2.424998995001254e-06,0.0017759367777116192,6.476921859155225e-06,422977,571,157907,1.0257187999086455,1.0140599000733346,1.0227513000136241,1.0,,21.212010674999327
A_variar_N,ABB,aleatorio,100,1000,8,5.4492425309931194e-05,0.0005695727323694049,8.971251916460998e-06,18509,1764,112811,1.0086003000615165,1.0047262998996302,1.0120558999478817,1.0,14,21.26517044166491
A_variar_N,ABB,ordenado,300,1000,8,0.0025832700251040967,0.00974096990307992,2.845244445460396e-05,397,103,35693,1.0255581999663264,1.0033199000172317,1.0155530999181792,1.0,300,21.31646710499966
A_variar_N,B+,ordenado,300,1000,8,0.00015025049428971134,0.00041343783546209903,1.6141695605607735e-05,6676,2421,62774,1.003072299878113,1.0009329996537417,1.01327879994642,1.0,2,21.37077937333185
A_variar_N,Lista,ordenado,300,1000,8,7.087373525968657e-06,0.004783895238125254,1.4270014684903396e-05,142914,210,70818,1.0128849000902846,1.0046180000063032,1.0105738999554887,1.0,,21.42181807999926
A_variar_N,ABB,ordenado,1000,1000,8,0.027392113515226222,0.03209925937335356,9.464970771409465e-05,37,32,10606,1.0135082000633702,1.027176299947314,1.003854800015688,1.0,1000,21.474073564998495
A_variar_N,Lista,ordenado,1000,1000,8,2.283931744686406e-05,0.015529649999841829,4.738724057954982e-05,43894,68,21153,1.002509000012651,1.0560161999892443,1.0023822999792174,1.0,,21.525598553333353
A_variar_N,B+,ordenado,1000,1000,8,0.0005760187104614596,0.0005254646598029862,5.18589989739766e-05,1737,1910,19580,1.0005445000715554,1.0036375002237037,1.015399199910462,1.0,3,21.579782286666646
A_variar_N,ABB,aleatorio,1000,1000,8,0.000852218500343049,0.0009258964880973844,9.503947069827953e-05,1227,1082,10580,1.045672099920921,1.00182000012137,1.0055175999877974,1.0,22,21.633065531666702
A_variar_N,Lista,aleatorio,1000,1000,8,2.3469696615479722e-05,0.01787584035028295,8.718205281426566e-05,42784,57,11701,1.0041274999966845,1.0189228999661282,1.0201171999797225,1.0,,21.68434563833289
A_variar_N,B+,aleatorio,1000,1000,8,0.0006344339873677096,0.0005181134953991834,4.842966256370123e-05,1580,1934,20922,1.0024057000409812,1.0020315001020208,1.013245400157757,1.0,3,21.7385071666659
A_variar_N,Lista,aleatorio,30000,1000,8,0.0006703144850586835,0.5442690000054426,0.00526802331616938,1505,2,193,1.0088233000133187,1.0885380000108853,1.0167285000206903,1.0,,21.80101999999994
A_variar_N,ABB,aleatorio,30000,1000,8,0.051644731815692714,0.0018340931282417468,0.003168385488727374,22,553,317,1.1361840999452397,1.014253499917686,1.0043781999265775,1.0,33,21.856270346666374
A_variar_N,B+,aleatorio,30000,1000,8,0.02480442142612966,0.0007571567119124484,0.0015330858005624367,42,1326,662,1.0417856998974457,1.0039897999959067,1.014902799972333,1.0,4,21.910793606665298
A_variar_N,ABB,aleatorio,3000,1000,9,0.0031539555214076913,0.00115863102659553,0.0003043612729057925,326,867,3331,1.0281894999789074,1.0045331000583246,1.0138274000491947,1.0,27,21.96366781499819
A_variar_N,Lista,aleatorio,3000,1000,9,6.993800908173563e-05,0.05277336500003003,0.0003766660179199043,14315,20,2672,1.0011626000050455,1.0554673000006005,1.0064515998819843,1.0,,22.01579679666514
A_variar_N,B+,aleatorio,3000,1000,9,0.002059787651806738,0.0005521145062361856,0.00014888871936855714,494,1813,6817,1.0175350999925286,1.0009835998062044,1.0149743999354541,1.0,3,22.07011165333291
A_variar_N,Lista,ordenado,30000,1000,9,0.000626629588052342,0.4634388666599989,0.001556703285646758,1602,3,700,1.003860600059852,1.3903165999799967,1.0896922999527305,1.0,,22.13691589833276
A_variar_N,ABB,ordenado,30000,1000,9,25.26274250005372,1.0038185000885278,0.002771869337170781,1,1,362,25.26274250005372,1.0038185000885278,1.0034167000558227,1.0,30000,22.591848703332168
A_variar_N,B+,ordenado,30000,1000,9,0.021199953998439013,0.0007609445116123823,0.0015020363637275338,50,1321,671,1.0599976999219507,1.005207699839957,1.0078664000611752,1.0,4,22.646398314998564
A_variar_N,Lista,aleatorio,30000,1000,9,0.0006444347631359156,0.5742354499525391,0.005216081250182469,1562,2,192,1.0066071000183001,1.1484708999050781,1.0014876000350341,1.0,,22.70914190833185
A_variar_N,ABB,aleatorio,30000,1000,9,0.04923334545244209,0.0018843380073635286,0.003550902120489298,22,542,283,1.083133599953726,1.0213111999910325,1.0049053000984713,1.0,36,22.763610166666332
A_variar_N,B+,aleatorio,30000,1000,9,0.025263882926438094,0.0007678296493484196,0.0015401368341628387,41,1312,657,1.0358191999839619,1.0073924999451265,1.0118699000449851,1.0,4,22.8180230783318
A_variar_N,ABB,ordenado,10000,1000,9,2.7895082000177354,0.33580852500745095,0.0009039983797347312,1,4,1111,2.7895082000177354,1.3432341000298038,1.0043421998852864,1.0,10000,22.90983067333194
A_variar_N,Lista,ordenado,10000,1000,9,0.00021490596565557844,0.17997915713515664,0.0005101191985181326,4660,7,2146,1.0014617999549955,1.2598540999460965,1.0947158000199124,1.0,,22.968646879998655
A_variar_N,B+,ordenado,10000,1000,9,0.0063806333332181425,0.0006948304650199901,0.0005096796575759248,165,1441,1986,1.0528044999809936,1.0012507000938058,1.0122237999457866,1.0,4,23.022884983332673
A_variar_N,Lista,ordenado,1000,1000,9,2.3387534769894418e-05,0.015505816667538249,5.006095794649615e-05,42783,66,20168,1.000588900060393,1.0233839000575244,1.0096293998649344,1.0,,23.07411929666608
A_variar_N,ABB,ordenado,1000,1000,9,0.02783723684383164,0.03227332812457462,9.399402164250426e-05,38,32,10722,1.0578150000656024,1.0327464999863878,1.0078039000509307,1.0,1000,23.12695570999834
A_variar_N,B+,ordenado,1000,1000,9,0.0005595685857935882,0.0005176786784559612,5.197205381596224e-05,1789,1937,19398,1.0010681999847293,1.0027436001691967,1.0081538999220356,1.0,3,23.181004454998764
A_variar_N,Lista,ordenado,300,1000,9,7.552229212347529e-06,0.004781670952104919,1.4412753908997902e-05,138457,210,69759,1.0456590000540018,1.004150899942033,1.0054192999377847,1.0,,23.23249453333168
A_variar_N,B+,ordenado,300,1000,9,0.00014898215822269455,0.00041437258806048777,1.625210198093973e-05,6737,2415,61775,1.0036927999462932,1.000709800166078,1.0039735998725519,1.0,2,23.286608748331975
A_variar_N,ABB,ordenado,300,1000,9,0.0026153725190988667,0.009750809709234073,2.900702058728211e-05,393,103,34584,1.0278414000058547,1.0043334000511095,1.0031787999905646,1.0,300,23.337723374999282
A_variar_N,ABB,ordenado,3000,1000,9,0.2576217199908569,0.1016574909127402,0.000290360870818643,5,11,3468,1.2881085999542847,1.1182324000401422,1.0069714999990538,1.0,3000,23.400936351666072
A_variar_N,Lista,ordenado,3000,1000,9,6.966987794414024e-05,0.04646333636165681,0.0001504286597079337,14501,22,6797,1.0102829000679776,1.0221933999564499,1.0224636000348255,1.0,,23.452820381665756
A_variar_N,B+,ordenado,3000,1000,9,0.0017958868881508422,0.0005531987838700389,0.0001623530780448414,572,1809,6189,1.0272473000222817,1.0007366000209004,1.0048032000195235,1.0,3,23.507082311665485
A_variar_N,Lista,aleatorio,1000,1000,9,2.305871763814003e-05,0.017882534483415556,8.511539227677533e-05,43997,58,12058,1.0145143999252468,1.0371870000381023,1.026321400073357,1.0,,23.55903373333276
A_variar_N,ABB,aleatorio,1000,1000,9,0.0008308518721174315,0.0008869061781017854,0.00010065375961887518,1282,1133,10134,1.0651521000545472,1.004864699789323,1.020025199977681,1.0,20,23.612873168332346
A_variar_N,B+,aleatorio,1000,1000,9,0.0006239666251360136,0.0005204634058605456,5.019661200915669e-05,1606,1932,20189,1.0020903999684379,1.005535300122574,1.0134193998528644,1.0,3,23.667073359998177
A_variar_N,ABB,aleatorio,100,1000,9,4.7978227001168676e-05,0.0004925995575439921,9.245308775176608e-06,20925,2034,110760,1.0039443999994546,1.00194750004448,1.024010399938561,1.0,10,23.72079456166636
A_variar_N,B+,aleatorio,100,1000,9,5.1171631495376046e-05,0.00039385967804020264,5.432798903573249e-06,19853,2547,188238,1.0159104000777006,1.0031605999683961,1.0226592000108212,1.0,2,23.775414251666128
A_variar_N,Lista,aleatorio,100,1000,9,2.505387287012567e-06,0.0017576161739618881,6.460499370169195e-06,404842,575,158800,1.0142860000487417,1.0106293000280857,1.0259272999828681,1.0,,23.82729383833163
A_variar_N,Lista,ordenado,100000,1000,9,0.002179669197588157,1.6310067999875173,0.005955848387212202,461,1,186,1.0048275000881404,1.6310067999875173,1.1077878000214696,1.0,,23.89229692333223
A_variar_N,B+,ordenado,100000,1000,9,0.08567047143255227,0.0011435543955815445,0.006047084023790247,14,910,169,1.1993866000557318,1.0406344999792054,1.0219572000205517,1.0,4,23.95136323666666
A_variar_N,ABB,ordenado,100,1000,9,0.0003084209144999718,0.0033527136809141027,9.986322590532992e-06,3543,307,104318,1.0927353000734001,1.0292831000406295,1.0417531999992207,1.0,100,24.004933766665637
A_variar_N,B+,ordenado,100,1000,9,4.684794007546405e-05,0.00039782003168561947,5.678477564551444e-06,21627,2521,181341,1.013180400012061,1.0029042998794466,1.0297408000333235,1.0,2,24.05966937833194
A_variar_N,Lista,ordenado,100,1000,9,2.531757994413193e-06,0.0016438688523685713,4.863169478326813e-06,395280,610,211732,1.000753300031647,1.0027599999448285,1.0296885999850929,1.0,,24.111317996665214
A_variar_N,ABB,aleatorio,10000,1000,9,0.012242325580256536,0.0013819463747246484,0.0010276510246378582,86,731,976,1.0528399999020621,1.010202799923718,1.0029874000465497,1.0,29,24.16482152333289
A_variar_N,Lista,aleatorio,10000,1000,9,0.00023048831287685913,0.1828906666681481,0.001498276539675378,4398,6,682,1.0136876000324264,1.0973440000088885,1.0218246000586078,1.0,,24.22035200166477
A_variar_N,B+,aleatorio,10000,1000,9,0.007942449218717229,0.0006014444778079675,0.0005032806102677769,128,1666,2032,1.0166334999958053,1.0020065000280738,1.0226662000641227,1.0,3,24.27468070999991
A_variar_N,Lista,aleatorio,300,1000,9,7.2274640570831975e-06,0.005321839698543538,2.116652624367719e-05,142590,199,48662,1.0305640998994932,1.059046100010164,1.0300055000698194,1.0,,24.327278914999138
A_variar_N,B+,aleatorio,300,1000,9,0.00017085829358744594,0.00041594141368171407,1.559327163464566e-05,5872,2405,66019,1.0032798999454826,1.0003390999045223,1.0294522000476718,1.0,2,24.381897113332524
A_variar_N,ABB,aleatorio,300,1000,9,0.0002274890276574323,0.000802352437939343,2.7657082424610085e-05,4484,1251,37113,1.0200608000159264,1.003742899862118,1.0264373000245541,1.0,19,24.43492823833173
A_variar_N,Lista,aleatorio,100000,1000,9,0.0021133989495804393,2.2685709000797942,0.021267662499061164,476,1,48,1.005977900000289,2.2685709000797942,1.020847799954936,1.0,,24.51030382666504
A_variar_N,ABB,aleatorio,100000,1000,9,0.2580019399989396,0.002899953409227733,0.019326032075661956,5,352,53,1.2900096999946982,1.020783600048162,1.0242797000100836,1.0,41,24.573781208333095
A_variar_N,B+,aleatorio,100000,1000,9,0.09938946363135157,0.0009161667274727182,0.006580206535884417,11,1097,153,1.0932840999448672,1.0050349000375718,1.0067715999903157,1.0,4,24.631218553332534
A_variar_N,Lista,ordenado,10000,1000,10,0.00021429937552419536,0.15621630000948375,0.000518767633340319,4804,7,1931,1.0294942000182346,1.0935141000663862,1.0017402999801561,1.0,,24.6866827299993
A_variar_N,B+,ordenado,10000,1000,10,0.006406010828532611,0.0007043843068946664,0.0005092896169498413,157,1421,1984,1.0057437000796199,1.000930100097321,1.010430600028485,1.0,4,24.7402172416662
A_variar_N,ABB,ordenado,10000,1000,10,2.848425699979998,0.3600210500007961,0.0009328613594934011,1,4,1074,2.848425699979998,1.4400842000031844,1.0018931000959128,1.0,10000,24.834179754999543
A_variar_N,B+,ordenado,1000,1000,10,0.0005823917189498099,0.000527374447983436,5.4703376356248386e-05,1751,1902,18985,1.019767899881117,1.0030662000644952,1.0385436001233757,1.0,3,24.88931632999835
A_variar_N,ABB,ordenado,1000,1000,10,0.027978010527716066,0.03341092727372818,9.42316307466313e-05,38,33,10670,1.0631644000532106,1.10256060003303,1.005451500066556,1.0,1000,24.943400853332907
A_variar_N,Lista,ordenado,1000,1000,10,2.3530144758149373e-05,0.015528583334702434,4.982191875910137e-05,42830,66,20138,1.0077960999915376,1.0248865000903606,1.0033137999707833,1.0,,24.99452452166588
A_variar_N,B+,aleatorio,3000,1000,10,0.002119641372035577,0.0005553493614043256,0.00015264207519996996,481,1801,6650,1.0195474999491125,1.0001841998891905,1.0150698000798002,1.0,3,25.049399556665836
A_variar_N,Lista,aleatorio,3000,1000,10,6.801256622573557e-05,0.0514343100017868,0.00038032583464488206,14722,20,2636,1.001280999975279,1.028686200035736,1.0025389001239091,1.0,,25.10102556833299
A_variar_N,ABB,aleatorio,3000,1000,10,0.0031473212208745047,0.0011361447578188968,0.0002989963029336893,344,887,3354,1.0826784999808297,1.0077604001853615,1.0028336000395939,1.0,29,25.154623304998193
A_variar_N,B+,ordenado,100,1000,10,4.691531871911507e-05,0.0004136885855384664,5.692589963413171e-06,21477,2418,181713,1.0076003001304343,1.0002989998320118,1.0344176000216976,1.0,2,25.209022988332435
A_variar_N,ABB,ordenado,100,1000,10,0.00029296565154570087,0.0032586644444289425,9.438418089962175e-06,3415,315,108173,1.0004777000285685,1.026479299995117,1.0209820000454783,1.0,100,25.26046746499875
A_variar_N,Lista,ordenado,100,1000,10,2.4294872722085846e-06,0.001653606765757533,5.006961208001885e-06,414294,606,207464,1.0065219999523833,1.002085700049065,1.038764200056903,1.0,,25.312324429999958
A_variar_N,B+,aleatorio,100000,1000,10,0.10070450908758423,0.0009421160110413735,0.009924896503473026,11,1068,143,1.1077495999634266,1.006179899792187,1.4192601999966428,1.0,4,25.37937402666624
A_variar_N,ABB,aleatorio,100000,1000,10,0.3201930750219617,0.0030006529940403773,0.01912551132285581,4,334,53,1.2807723000878468,1.002218100009486,1.0136521001113579,1.0,38,25.44376389333241
A_variar_N,Lista,aleatorio,100000,1000,10,0.0021592755364793726,2.3610020000487566,0.021330452082717482,466,1,48,1.0062223999993876,2.3610020000487566,1.023861699970439,1.0,,25.51806456000001
A_variar_N,B+,ordenado,3000,1000,10,0.0018535702404963773,0.0005598482738725036,0.00015804794670643173,541,1796,6380,1.00278150010854,1.0054874998750165,1.0083458999870345,1.0,3,25.57264647166594
A_variar_N,Lista,ordenado,3000,1000,10,6.972029922651899e-05,0.047219004350430936,0.00014727552612589685,14370,23,6795,1.0018806998850778,1.0860371000599116,1.000737200025469,1.0,,25.625088496665317
A_variar_N,ABB,ordenado,3000,1000,10,0.24799641999416053,0.09814206363675608,0.00028104086587980767,5,11,3580,1.2399820999708027,1.0795627000043169,1.0061262998497114,1.0,3000,25.68660620499868
A_variar_N,B+,ordenado,100000,1000,10,0.07792466429028926,0.0009744233461522682,0.006292129842398678,14,1028,191,1.0909453000640497,1.0017071998445317,1.2017967998981476,1.0,4,25.74816490499846
A_variar_N,Lista,ordenado,100000,1000,10,0.002169597204223836,1.7879122000886127,0.006232685185279007,465,1,162,1.0088626999640837,1.7879122000886127,1.0096950000151992,1.0,,25.812204934998103
A_variar_N,Lista,ordenado,300,1000,10,7.399648439670021e-06,0.00480903971285234,1.4459450375853782e-05,139379,209,71103,1.031355599872768,1.005089299986139,1.0281103000743315,1.0,,25.86398361666555
A_variar_N,B+,ordenado,300,1000,10,0.0001510048171077173,0.00041409052544676866,1.646976951918462e-05,6643,2417,61610,1.0031250000465661,1.00085680000484,1.0147025000769645,1.0,2,25.918372503332407
A_variar_N,ABB,ordenado,300,1000,10,0.0025472070886222997,0.01006884300033562,2.8603719216564492e-05,395,100,35330,1.0061468000058085,1.0068843000335619,1.0105693999212235,1.0,300,25.96929272833319
A_variar_N,B+,aleatorio,1000,1000,10,0.0006397010223678173,0.0005258392763222013,5.095812147841921e-05,1565,1907,19707,1.0011321000056341,1.0027754999464378,1.0042316999752074,1.0,3,26.02358637666524
A_variar_N,ABB,aleatorio,1000,1000,10,0.0008204177578525547,0.0008850800526542801,9.641161965166232e-05,1222,1138,10422,1.002550500095822,1.0072210999205709,1.0048019000096247,1.0,21,26.076360888332903
A_variar_N,Lista,aleatorio,1000,1000,10,2.3877848087320845e-05,0.018087957626587506,8.640543270013463e-05,42827,59,11578,1.0226166000356898,1.0671894999686629,1.0004020998021588,1.0,,26.128443741666462
A_variar_N,Lista,aleatorio,300,1000,10,7.395430245660169e-06,0.005283609326383572,2.1452095092667675e-05,138235,193,47659,1.0223073000088334,1.0197365999920294,1.0223854000214487,1.0,,26.180053243332075
A_variar_N,B+,aleatorio,300,1000,10,0.00016804873470097745,0.00043199900687521,1.5320526490757423e-05,5967,2316,66212,1.0027467999607325,1.0005096999229863,1.0144027000060305,1.0,2,26.234188628332536
A_variar_N,ABB,aleatorio,300,1000,10,0.0001903855375862272,0.0006887541207866129,2.7970291821862544e-05,5255,1456,36118,1.0004760000156239,1.0028259998653084,1.0102310000220314,1.0,18,26.286913959998248
A_variar_N,Lista,ordenado,30000,1000,10,0.0006334251883889001,0.4778133666841313,0.0015039146706339217,1592,3,668,1.008412899915129,1.433440100052394,1.0046149999834597,1.0,,26.353267523332033
A_variar_N,B+,ordenado,30000,1000,10,0.02161345199914649,0.0007643414318514739,0.0014949915803380124,50,1313,677,1.0806725999573246,1.0035803000209853,1.0121092998888344,1.0,4,26.40825582166629
A_variar_N,ABB,ordenado,30000,1000,10,24.957301800022833,0.9928429999854416,0.0027937587745575894,1,2,359,24.957301800022833,1.9856859999708831,1.0029594000661746,1.0,30000,26.89090528499995
A_variar_N,Lista,aleatorio,30000,1000,10,0.000635918619319386,0.5431561999721453,0.005212637313192163,1579,2,201,1.0041154999053106,1.0863123999442905,1.0477400999516249,1.0,,26.953557471665167
A_variar_N,B+,aleatorio,30000,1000,10,0.025091224389786764,0.0007570831324969677,0.0015057217261485113,41,1328,672,1.0287401999812573,1.005406399955973,1.0118449999717996,1.0,4,27.00787854999847
A_variar_N,ABB,aleatorio,30000,1000,10,0.052117936360776766,0.0019328841302066642,0.0031767550313335684,22,523,318,1.1465945999370888,1.0108984000980854,1.0102080999640748,1.0,36,27.063278806665526
A_variar_N,Lista,aleatorio,10000,1000,10,0.00023368312559105174,0.1828267666666458,0.0014939824303974824,4332,6,683,1.0123153000604361,1.0969605999998748,1.0203899999614805,1.0,,27.119109424999138
A_variar_N,B+,aleatorio,10000,1000,10,0.007497821678081853,0.000598639820827477,0.0005021296859462037,143,1675,2038,1.072188499965705,1.002721699886024,1.0233402999583632,1.0,3,27.17441364999977
A_variar_N,ABB,aleatorio,10000,1000,10,0.012982949383131423,0.0014535354559179045,0.0010237056451460962,81,691,992,1.0516189000336453,1.004393000039272,1.0155159999849275,1.0,32,27.227499284998824
A_variar_N,B+,aleatorio,100,1000,10,5.141280903086931e-05,0.00040609057818709283,5.2964899497402415e-06,20103,2473,193473,1.0335516999475658,1.0042619998566806,1.0247278000460938,1.0,2,27.28256230833164
A_variar_N,ABB,aleatorio,100,1000,10,5.288497039751455e-05,0.0005227289062531782,9.553112755677841e-06,18916,1920,109742,1.0003721000393853,1.003639500006102,1.0483777000335976,1.0,13,27.336406773332662
A_variar_N,Lista,aleatorio,100,1000,10,2.4614860794453255e-06,0.0018438617171959582,6.869915565772956e-06,411620,559,155150,1.0131969000212848,1.0307186999125406,1.0658674000296742,1.0,,27.3892904416658
A_variar_N,Lista,aleatorio,1000,1000,11,2.257243121253306e-05,0.01841641578970379,8.843972758001884e-05,45323,57,11453,1.023050299845636,1.049735700013116,1.0129001999739558,1.0,,27.44131905999966
A_variar_N,B+,aleatorio,1000,1000,11,0.0006329674623560291,0.000532611752263689,4.919941582674871e-05,1592,1889,20713,1.0076842000707984,1.0061036000261083,1.019067500019446,1.0,3,27.495672856665138
A_variar_N,ABB,aleatorio,1000,1000,11,0.0008476850041796366,0.0009066556460899658,9.744173465691009e-05,1187,1107,10296,1.0062020999612287,1.0036678002215922,1.0032601000275463,1.0,23,27.54814128833241
A_variar_N,B+,ordenado,10000,1000,11,0.006400463924318835,0.0006959241666966894,0.0005151957818790849,158,1440,1944,1.011273300042376,1.0021308000432327,1.001540599972941,1.0,4,27.601720436666316
A_variar_N,Lista,ordenado,10000,1000,11,0.0002217546304303181,0.15435548570738838,0.0004923686367842245,4600,7,2098,1.0200712999794632,1.0804883999517187,1.032989399973303,1.0,,27.656666349999917
A_variar_N,ABB,ordenado,10000,1000,11,2.7096520999912173,0.33121277499594726,0.0009203063071044792,1,4,1094,2.7096520999912173,1.324851099983789,1.0068150999723002,1.0,10000,27.74631470166496
A_variar_N,B+,ordenado,100,1000,11,4.731539586729384e-05,0.0003993876587455383,5.628576813212349e-06,21889,2520,177770,1.0356867001391947,1.0064569000387564,1.0005921000847593,1.0,2,27.800981856665263
A_variar_N,ABB,ordenado,100,1000,11,0.0002895695865870461,0.0033168401297869036,9.514566421395328e-06,3459,309,106313,1.0016212000045925,1.0249036001041532,1.0115220999578014,1.0,100,27.852263996666686
A_variar_N,Lista,ordenado,100,1000,11,2.4936896052746905e-06,0.001666104825277086,4.920796636855273e-06,402352,601,205288,1.0033410000614822,1.0013289999915287,1.0101804999867454,1.0,,27.903588234999916
A_variar_N,Lista,aleatorio,100000,1000,11,0.00229119933770546,2.576580799999647,0.022691728888700406,453,1,45,1.0379132999805734,2.576580799999647,1.0211277999915183,1.0,,27.984624828332258
A_variar_N,ABB,aleatorio,100000,1000,11,0.25497020001057535,0.0028551513964554824,0.018739698146452644,5,358,54,1.2748510000528768,1.0221441999310628,1.0119436999084428,1.0,43,28.047935304998344
A_variar_N,B+,aleatorio,100000,1000,11,0.10163174545265395,0.0009145846855915818,0.006754437584161208,11,1097,149,1.1179491999791935,1.0032994000939652,1.00641120004002,1.0,4,28.105740583332953
A_variar_N,B+,ordenado,30000,1000,11,0.021498166666110503,0.0007619119211981864,0.0014865417033433914,51,1317,681,1.0964064999716356,1.0034380002180114,1.0123348999768496,1.0,4,28.161996048331883
A_variar_N,ABB,ordenado,30000,1000,11,25.509541900013573,1.010132999974303,0.0027432989042048177,1,2,365,25.509541900013573,2.020265999948606,1.0013041000347584,1.0,30000,28.654359804999938
A_variar_N,Lista,ordenado,30000,1000,11,0.0006331991183926921,0.4714695333192746,0.0014860278930935113,1588,3,674,1.0055202000075951,1.4144085999578238,1.0015827999450266,1.0,,28.71955496999823
A_variar_N,Lista,ordenado,100000,1000,11,0.002189723093799175,1.6118065000046045,0.005607938797905268,459,1,183,1.0050829000538215,1.6118065000046045,1.026252800016664,1.0,,28.782925376666633
A_variar_N,B+,ordenado,100000,1000,11,0.07597244000062346,0.0009497840758589631,0.0053779481486392715,15,1055,189,1.139586600009352,1.002022200031206,1.0164322000928223,1.0,4,28.83988511833207
A_variar_N,B+,aleatorio,100,1000,11,5.188154955028989e-05,0.00039471011410552727,5.168476438304171e-06,19425,2541,197944,1.007799100014381,1.0029583999421448,1.0230689001036808,1.0,2,28.894561946665636
A_variar_N,ABB,aleatorio,100,1000,11,5.8972496530395146e-05,0.0006223228997965277,9.65199305080867e-06,17256,1607,105893,1.0176294001284987,1.00007289997302,1.0220785001292825,1.0,13,28.94795094166572
A_variar_N,Lista,aleatorio,100,1000,11,2.6822158486280197e-06,0.0018382930277992006,7.0007028659263045e-06,385613,545,142844,1.0342973000369966,1.0018697001505643,1.000008400180377,1.0,,28.99973842333226
A_variar_N,B+,aleatorio,30000,1000,11,0.02571857857262893,0.0007640230885363501,0.0015411848392391757,42,1321,653,1.080180300050415,1.0092744999565184,1.0063937000231817,1.0,4,29.055678116665998
A_variar_N,ABB,aleatorio,30000,1000,11,0.05158324090933258,0.0018826836432749231,0.0035926564288924316,22,538,280,1.1348313000053167,1.0128838000819087,1.0059438000898808,1.0,34,29.110977131665763
A_variar_N,Lista,aleatorio,30000,1000,11,0.0006445928066418619,0.550441499974113,0.0052738215386246646,1557,2,195,1.0036309999413788,1.100882999948226,1.0283952000318095,1.0,,29.17273489833266
A_variar_N,ABB,ordenado,3000,1000,11,0.2579434999963269,0.10105640908957204,0.00028319669771895357,5,11,3543,1.2897174999816343,1.1116204999852926,1.0033659000182524,1.0,3000,29.23569069833223
A_variar_N,Lista,ordenado,3000,1000,11,6.952392194505724e-05,0.04764721738984403,0.00014485019921668628,14401,23,7028,1.0012139999307692,1.0958859999664128,1.0180072000948712,1.0,,29.288566354999784
A_variar_N,B+,ordenado,3000,1000,11,0.0017948222416738495,0.000544129347848787,0.0001544044933740198,571,1840,6632,1.024843499995768,1.001198000041768,1.0240106000564992,1.0,3,29.34317570999847
A_variar_N,B+,ordenado,300,1000,11,0.00015173734702234057,0.0004179978751441619,1.6124629682605306e-05,6619,2400,63594,1.0043494999408722,1.0031949003459886,1.0254297000356019,1.0,2,29.39780072666666
A_variar_N,Lista,ordenado,300,1000,11,7.092947630987005e-06,0.004740394835530872,1.423746291152451e-05,143427,213,70774,1.0173201998695731,1.0097040999680758,1.0076422001002356,1.0,,29.4489348733332
A_variar_N,ABB,ordenado,300,1000,11,0.0025429147782533666,0.009823404761430407,2.9180449228327834e-05,406,105,34459,1.0324233999708667,1.0314574999501929,1.0055290999589488,1.0,300,29.500596076665293
A_variar_N,Lista,ordenado,1000,1000,11,2.294245471253502e-05,0.015584346970585599,4.804012094537944e-05,44551,66,20837,1.0221092998981476,1.0285669000586495,1.0010120001388714,1.0,,29.5521396199998
A_variar_N,B+,ordenado,1000,1000,11,0.000562034960792794,0.0005317665074854069,5.368569088285319e-05,1782,1884,18925,1.001546300132759,1.0018481001025066,1.0160016999579966,1.0,3,29.60629439666518
A_variar_N,ABB,ordenado,1000,1000,11,0.028650628948143048,0.033538653336775796,9.667898040315921e-05,38,30,10357,1.0887239000294358,1.006159600103274,1.00130420003552,1.0,1000,29.659235248332454
A_variar_N,B+,aleatorio,10000,1000,11,0.007486286428424397,0.0006127414933230267,0.0005015454227323753,140,1634,1999,1.0480800999794155,1.0012196000898257,1.0025893000420183,1.0,3,29.714031589999408
A_variar_N,Lista,aleatorio,10000,1000,11,0.0002229672927302445,0.17534772857158845,0.0014904282126985656,4632,7,677,1.0327844999264926,1.227434100001119,1.0090198999969289,1.0,,29.77159588333258
A_variar_N,ABB,aleatorio,10000,1000,11,0.014022117105349409,0.0016124343499915007,0.0010338634220104603,76,623,976,1.065680900006555,1.004546600044705,1.0090506998822093,1.0,34,29.82480392999908
A_variar_N,B+,aleatorio,300,1000,11,0.0001658942437826427,0.0004163148981153568,1.5150682608319999e-05,6063,2403,66656,1.0058168000541627,1.0004047001712024,1.0098838999401778,1.0,2,29.87919304499907
A_variar_N,Lista,aleatorio,300,1000,11,7.272907880995006e-06,0.005350026701264942,2.1788691413532844e-05,145618,191,47601,1.0590662998147309,1.0218550999416038,1.037163499975577,1.0,,29.93175327166488
A_variar_N,ABB,aleatorio,300,1000,11,0.0002176370442662624,0.0007640079026871947,2.789617022780662e-05,4608,1316,36164,1.0028714999789372,1.0054343999363482,1.0088371001183987,1.0,21,29.98432917333169
A_variar_N,ABB,aleatorio,3000,1000,11,0.002995105540261209,0.001074752136796283,0.00030053327373865107,361,936,3357,1.0812331000342965,1.005968000041321,1.0088901999406517,1.0,26,30.038084809998207
A_variar_N,Lista,aleatorio,3000,1000,11,7.026881615052853e-05,0.05368328499607742,0.0003791406356549504,14267,20,2643,1.0025252000195906,1.0736656999215484,1.002068700036034,1.0,,30.090487444998384
A_variar_N,B+,aleatorio,3000,1000,11,0.00205705845216384,0.0005553308716002461,0.00015113606367343782,491,1801,6910,1.0100157000124454,1.0001508997520432,1.0443501999834552,1.0,3,30.145119813332954
A_variar_N,Lista,aleatorio,10000,1000,12,0.0002214065965445871,0.1773678333265707,0.0014556860667822346,4563,6,689,1.010278300032951,1.0642069999594241,1.0029677000129595,1.0,,30.199900678331808
A_variar_N,ABB,aleatorio,10000,1000,12,0.012819921250047628,0.001455266040587001,0.001021611878204013,80,692,985,1.0255937000038102,1.0070441000862047,1.0062877000309527,1.0,32,30.252488938332924
A_variar_N,B+,aleatorio,10000,1000,12,0.007211038130067503,0.0005960821853220605,0.0005023293706544719,139,1684,2002,1.002334300079383,1.0038024000823498,1.0056634000502527,1.0,3,30.30636135833144
A_variar_N,ABB,aleatorio,300,1000,12,0.00020966946595977427,0.000727854967350309,2.887837975625492e-05,4775,1379,35328,1.001171699957922,1.0037119999760762,1.0202154000289738,1.0,17,30.359321436666264
A_variar_N,B+,aleatorio,300,1000,12,0.00016592343905030336,0.0004146558639697246,1.520635515490083e-05,6118,2413,66985,1.015119600109756,1.0005645997589454,1.018597700051032,1.0,2,30.413918771666552
A_variar_N,Lista,aleatorio,300,1000,12,7.209739869471512e-06,0.0053549594736020814,2.1889813696907027e-05,139930,190,47181,1.0088588999351487,1.0174422999843955,1.0327833000337705,1.0,,30.46546301333195
A_variar_N,ABB,aleatorio,3000,1000,12,0.003131036151474771,0.001137623216272337,0.00030679274122209316,343,883,3265,1.0739453999558464,1.0045212999684736,1.0016783000901341,1.0,28,30.518883923332517
A_variar_N,Lista,aleatorio,3000,1000,12,7.192248901611405e-05,0.06488909375184448,0.0004061930950021388,14118,16,2462,1.0154016999294981,1.0382255000295117,1.0000473998952657,1.0,,30.571572981666154
A_variar_N,B+,aleatorio,3000,1000,12,0.0022886785565750653,0.0005516953693313653,0.00015103362817973502,485,1814,6670,1.1100090999389067,1.0007753999670967,1.0073942999588326,1.0,3,30.627252849998573
A_variar_N,ABB,aleatorio,1000,1000,12,0.0008363531931626938,0.0008852461809202493,9.484032863103938e-05,1284,1139,10650,1.0738775000208989,1.0082954000681639,1.0100494999205694,1.0,23,30.68117869999842
A_variar_N,Lista,aleatorio,1000,1000,12,2.3379555059708754e-05,0.018139737931176507,8.852249358140104e-05,43062,58,11301,1.0067703999811783,1.0521048000082374,1.0003926999634132,1.0,,30.732747954999407
A_variar_N,B+,aleatorio,1000,1000,12,0.0006277432213612689,0.0005181094105095403,4.908042650191908e-05,1608,1934,20727,1.0094110999489203,1.002023599925451,1.0172900001052767,1.0,3,30.787165526665436
A_variar_N,ABB,ordenado,300,1000,12,0.0024752449385108954,0.009660791429424925,2.8361241794374563e-05,405,105,35497,1.0024742000969127,1.014383100089617,1.006738999974914,1.0,300,30.83814541999988
A_variar_N,B+,ordenado,300,1000,12,0.0001477037031445748,0.00041241384414302857,1.6003422328320176e-05,6805,2427,63524,1.0051236998988315,1.0009283997351304,1.0166013999842107,1.0,2,30.892593893333107
A_variar_N,Lista,ordenado,300,1000,12,7.414003122386896e-06,0.005585933999973349,1.4134030471436788e-05,140283,200,71674,1.040058600017801,1.1171867999946699,1.0130425000097603,1.0,,30.94605974833248
A_variar_N,ABB,aleatorio,100000,1000,12,0.2649606799939647,0.002929902005737866,0.0198877230756737,5,349,52,1.3248033999698237,1.0225358000025153,1.0341615999350324,1.0,42,31.013159636666146
A_variar_N,B+,aleatorio,100000,1000,12,0.1065136818215251,0.0009804926972478963,0.007048832639055844,11,1027,144,1.171650500036776,1.0069660000735894,1.0150319000240415,1.0,4,31.07214016833265
A_variar_N,Lista,aleatorio,100000,1000,12,0.002186701948264638,2.9623498999280855,0.024437634143751205,462,1,41,1.0102563000982627,2.9623498999280855,1.0019429998937994,1.0,,31.156197721666345
A_variar_N,B+,ordenado,100000,1000,12,0.0763268466728429,0.0009630065322759687,0.005423411351276209,15,1041,185,1.1449027000926435,1.0024898000992835,1.0033310999860987,1.0,4,31.21543038999856
A_variar_N,Lista,ordenado,100000,1000,12,0.002193486086933104,1.6227238000137731,0.005892386338724424,460,1,183,1.009003599989228,1.6227238000137731,1.0783066999865696,1.0,,31.27777015333219
A_variar_N,ABB,ordenado,30000,1000,12,25.271381300059147,0.976003700052388,0.0027587475273681415,1,2,364,25.271381300059147,1.952007400104776,1.0041840999620035,1.0,30000,31.76603205166563
A_variar_N,Lista,ordenado,30000,1000,12,0.0006296799519845024,0.4781720000319183,0.0015175419490939628,1666,3,708,1.049046800006181,1.4345160000957549,1.0744196999585256,1.0,,31.833653891664774
A_variar_N,B+,ordenado,30000,1000,12,0.02138120199786499,0.0007620772382361767,0.0014940887238437902,50,1318,674,1.0690600998932496,1.0044177999952808,1.0070157998707145,1.0,4,31.888274398331607
A_variar_N,Lista,ordenado,10000,1000,12,0.00021868625027311208,0.15774035714899323,0.0004948576097376645,4691,7,2050,1.0258572000311688,1.1041825000429526,1.0144580999622121,1.0,,31.943777234999775
A_variar_N,ABB,ordenado,10000,1000,12,2.818022400024347,0.32495957499486394,0.0009322498605564929,1,4,1075,2.818022400024347,1.2998382999794558,1.00216860009823,1.0,10000,32.03481216333263
A_variar_N,B+,ordenado,10000,1000,12,0.006288079518252557,0.0006935393351963476,0.0005246295277599572,166,1444,1927,1.0438212000299245,1.001470800023526,1.0109610999934375,1.0,4,32.08883951333313
A_variar_N,ABB,ordenado,1000,1000,12,0.02784179459401482,0.03279909687626059,9.793174739396045e-05,37,32,10404,1.0301463999785483,1.049571100040339,1.0188818998867646,1.0,1000,32.14183608499977
A_variar_N,Lista,ordenado,1000,1000,12,2.2666737731644894e-05,0.015479252239300021,4.922348067738674e-05,44561,67,20519,1.0100525000598282,1.0371099000331014,1.0100166000192985,1.0,,32.19333554333231
A_variar_N,B+,ordenado,1000,1000,12,0.0005603900335964821,0.0005191388515036686,5.2416692392740284e-05,1786,1933,19428,1.000856600003317,1.0034953999565914,1.0183514998061582,1.0,3,32.24751810499971
A_variar_N,ABB,aleatorio,30000,1000,12,0.055104980954811686,0.0019847398037182206,0.0036050141448197934,21,510,304,1.1572046000510454,1.0122172998962924,1.0959243000252172,1.0,38,32.30533708166525
A_variar_N,Lista,aleatorio,30000,1000,12,0.0006269174592991422,0.5568262499873526,0.005249082051122036,1598,2,195,1.0018140999600291,1.1136524999747053,1.023570999968797,1.0,,32.367187003331495
A_variar_N,B+,aleatorio,30000,1000,12,0.025252541860154028,0.0007624690728594682,0.00153992939370007,43,1316,660,1.0858592999866232,1.0034092998830602,1.0163533998420462,1.0,4,32.422530198332
A_variar_N,ABB,aleatorio,100,1000,12,5.494058469966909e-05,0.000585142350221977,9.356516459142501e-06,18300,1719,109515,1.0054127000039443,1.0058597000315785,1.024678900022991,1.0,14,32.475976266665384
A_variar_N,B+,aleatorio,100,1000,12,5.0485788755964035e-05,0.000396768223200558,5.301106755643029e-06,19949,2527,190828,1.0071409998927265,1.00263330002781,1.011599599965848,1.0,2,32.53020320499976
A_variar_N,Lista,aleatorio,100,1000,12,2.4474625999748903e-06,0.0017732716287403073,6.490467866960251e-06,413435,571,157908,1.0118667000206187,1.0125381000107154,1.0248967999359593,1.0,,32.58203158499867
A_variar_N,ABB,ordenado,3000,1000,12,0.2518788000161294,0.09941988182254136,0.0002876223048114281,4,11,3497,1.0075152000645176,1.093618700047955,1.0058151999255642,1.0,3000,32.640216481666236
A_variar_N,Lista,ordenado,3000,1000,12,7.21930773100054e-05,0.04659985217427754,0.0001514234711991092,14113,23,6770,1.0188609000761062,1.0717966000083834,1.0251369000179693,1.0,,32.69305782999921
A_variar_N,B+,ordenado,3000,1000,12,0.0018261740675616222,0.0005499688461985808,0.00015816237546380604,563,1820,6424,1.0281360000371933,1.000943300081417,1.01603509997949,1.0,3,32.74754108833149
A_variar_N,ABB,ordenado,100,1000,12,0.00028844698586637913,0.0031989816770026957,9.53904159105327e-06,3467,322,105216,1.0000456999987364,1.030072099994868,1.003659800044261,1.0,100,32.79885897333152
A_variar_N,B+,ordenado,100,1000,12,4.756315813961338e-05,0.00039816309095174965,5.631238172274627e-06,21576,2517,183359,1.0262227000202984,1.0021764999255538,1.0325382000301033,1.0,2,32.85370057333299
A_variar_N,Lista,ordenado,100,1000,12,2.476778784725934e-06,0.0016557077686725691,4.886166716356053e-06,418488,605,206914,1.0365022000623867,1.0017032000469044,1.0110162999480963,1.0,,32.90559440499831
A_variar_N,B+,aleatorio,100000,1000,13,0.10186648181512613,0.0009283181480390744,0.008054567605066834,11,1080,142,1.1205312999663875,1.0025835998822004,1.1437485999194905,1.0,4,32.96819970666547
A_variar_N,ABB,aleatorio,100000,1000,13,0.26572910000686534,0.0030144834835026356,0.01851585345013581,4,333,58,1.0629164000274613,1.0038230000063777,1.073919500107877,1.0,46,33.028481626665844
A_variar_N,Lista,aleatorio,100000,1000,13,0.00208997515519005,2.3861335999099538,0.023376626666221353,483,1,45,1.009457999956794,2.3861335999099538,1.051948199979961,1.0,,33.10365947166574
A_variar_N,Lista,aleatorio,1000,1000,13,2.2700052343272362e-05,0.01798563275751176,8.413916176821733e-05,45850,58,12073,1.0407973999390379,1.0431666999356821,1.0158121000276878,1.0,,33.15608511666651
A_variar_N,B+,aleatorio,1000,1000,13,0.000628396231127112,0.0005248303506021402,5.1091249486885153e-05,1592,1911,19576,1.0004067999543622,1.00295080000069,1.0001622999552637,1.0,3,33.210282956665225
A_variar_N,ABB,aleatorio,1000,1000,13,0.0008470409862409522,0.0009072027099760486,9.638392446593715e-05,1237,1107,10432,1.0477896999800578,1.0042733999434859,1.0054771000286564,1.0,22,33.263692584998594
A_variar_N,ABB,ordenado,3000,1000,13,0.2628627199912444,0.10261268182445994,0.0002798096421694933,5,11,3661,1.3143135999562219,1.1287395000690594,1.024383099982515,1.0,3000,33.32804312499938
A_variar_N,B+,ordenado,3000,1000,13,0.0018417195651504765,0.0005512071035172593,0.00015607296165841408,552,1816,6439,1.016629199963063,1.000992099987343,1.0049538001185283,1.0,3,33.38232483833175
A_variar_N,Lista,ordenado,3000,1000,13,7.040606657875122e-05,0.04700653043919769,0.00015225540422048807,14209,23,6828,1.000399800017476,1.081150200101547,1.0395999000174925,1.0,,33.43529012666549
A_variar_N,B+,ordenado,100000,1000,13,0.07708564999380282,0.000950986717384047,0.006019088024870231,14,1054,167,1.0791990999132395,1.0023400001227856,1.0051877001533285,1.0,4,33.49369388833293
A_variar_N,Lista,ordenado,100000,1000,13,0.0022088094504427286,1.7788758999668062,0.0062670262501342226,455,1,160,1.0050082999514416,1.7788758999668062,1.0027242000214756,1.0,,33.55738890166588
A_variar_N,ABB,aleatorio,3000,1000,13,0.0030661882528984718,0.001137322763092858,0.00030224303343018565,332,883,3323,1.0179744999622926,1.0042559998109937,1.004353600088507,1.0,27,33.6101772633323
A_variar_N,B+,aleatorio,3000,1000,13,0.0020770293995005314,0.00055567388894916,0.00015049317202418688,483,1800,6737,1.0032051999587566,1.000213000108488,1.013872499926947,1.0,3,33.664271743331724
A_variar_N,Lista,aleatorio,3000,1000,13,6.82670233024319e-05,0.053545530000701544,0.00038139824963690747,14674,20,2628,1.0017502999398857,1.070910600014031,1.0023146000457928,1.0,,33.716597511665896
A_variar_N,ABB,aleatorio,100,1000,13,5.307312331912583e-05,0.000562988601874399,9.178667032561922e-06,18983,1781,109380,1.0074870999669656,1.0026826999383047,1.003962600021623,1.0,14,33.76974480166488
A_variar_N,B+,aleatorio,100,1000,13,5.091831895555335e-05,0.0003990608523683255,5.241936528711898e-06,19821,2511,197663,1.009252000018023,1.0020418002968654,1.03613690007478,1.0,2,33.82441209166621
A_variar_N,Lista,aleatorio,100,1000,13,2.452850870863471e-06,0.0017857943563779563,6.488703386659833e-06,411804,567,159986,1.0100938000250608,1.0125454000663012,1.03810170001816,1.0,,33.876450338332994
A_variar_N,B+,aleatorio,300,1000,13,0.0001650743002313154,0.0004335588643970844,1.5992705147577372e-05,6109,2307,63771,1.0084389001131058,1.0002203001640737,1.0198707999661565,1.0,2,33.931186288333265
A_variar_N,ABB,aleatorio,300,1000,13,0.00019026043246661304,0.0006865221687753007,2.9789850548713314e-05,5272,1457,34593,1.003052999963984,1.000262799905613,1.0305203000316396,1.0,15,33.98460649333234
A_variar_N,Lista,aleatorio,300,1000,13,7.3842802052405945e-06,0.005317672775053853,2.154098223707986e-05,138227,191,47850,1.0207068999297917,1.015675500035286,1.0307360000442713,1.0,,34.036286686665456
A_variar_N,Lista,ordenado,1000,1000,13,2.3155026441916678e-05,0.01574974218783609,4.6953082660941354e-05,43490,64,21329,1.0070120999589562,1.0079835000215098,1.001462300075218,1.0,,34.087373236665734
A_variar_N,B+,ordenado,1000,1000,13,0.0005536574115193721,0.0005171154320303259,5.244446263050539e-05,1808,1944,19549,1.0010126000270247,1.0052723998669535,1.02523679996375,1.0,3,34.14190017833219
A_variar_N,ABB,ordenado,1000,1000,13,0.027379331577226128,0.03216547575765148,9.147616423526763e-05,38,33,11252,1.0404145999345928,1.061460700002499,1.0292897999752313,1.0,1000,34.19528450499832
A_variar_N,B+,ordenado,300,1000,13,0.00015333510750803266,0.00041746733322118717,1.6325342563331705e-05,6557,2400,62835,1.0054182999301702,1.0019215997308493,1.0258028999669477,1.0,2,34.24995982666539
A_variar_N,ABB,ordenado,300,1000,13,0.0025672073231426755,0.009711080770312738,2.8060669047904222e-05,396,104,35842,1.0166140999644995,1.0099524001125246,1.0057505000149831,1.0,300,34.3010147233319
A_variar_N,Lista,ordenado,300,1000,13,7.047323285550936e-06,0.004773313744585096,1.4385950720934606e-05,142843,211,70089,1.0066608000779524,1.0071692001074553,1.0082969000795856,1.0,,34.351944584999
A_variar_N,Lista,aleatorio,10000,1000,13,0.00022019391226924236,0.17742920000039572,0.0015008794602824897,4583,7,667,1.0091486999299377,1.2420044000027701,1.0010866000084206,1.0,,34.40954550666502
A_variar_N,B+,aleatorio,10000,1000,13,0.0073373934311833046,0.0006013311939867102,0.0005025413404938759,137,1667,2044,1.0052229000721127,1.002419100375846,1.0271944999694824,1.0,3,34.463787636665316
A_variar_N,ABB,aleatorio,10000,1000,13,0.012868236251233612,0.0014437703861760374,0.0010213054933785133,80,699,983,1.029458900098689,1.00919549993705,1.0039432999910787,1.0,30,34.51649419666501
A_variar_N,Lista,ordenado,10000,1000,13,0.00022471314846964516,0.15786151428307807,0.0004919045880543285,4472,7,2136,1.0049171999562532,1.1050305999815464,1.0507082000840455,1.0,,34.572349483331585
A_variar_N,B+,ordenado,10000,1000,13,0.006327871249959571,0.0006932516620524093,0.0005074274152320408,160,1444,1977,1.0124593999935314,1.001055400003679,1.0031839999137446,1.0,4,34.62580775666478
A_variar_N,ABB,ordenado,10000,1000,13,2.732769099995494,0.32372224997379817,0.000910156935661126,1,4,1103,2.732769099995494,1.2948889998951927,1.003903100034222,1.0,10000,34.715848604999096
A_variar_N,ABB,aleatorio,30000,1000,13,0.05204224545741454,0.0021632266945158275,0.0034291318494966893,22,472,292,1.1449294000631198,1.0210429998114705,1.0013065000530332,1.0,42,34.77210235166519
A_variar_N,Lista,aleatorio,30000,1000,13,0.000646535112594413,0.5531830500112846,0.005408080540144363,1555,2,185,1.0053621000843123,1.1063661000225693,1.0004948999267071,1.0,,34.83354968999823
A_variar_N,B+,aleatorio,30000,1000,13,0.02553024651146992,0.0007579773927659088,0.0015646489094101425,43,1327,642,1.0978005999932066,1.005836000200361,1.0045045998413116,1.0,4,34.88893138999895
A_variar_N,ABB,ordenado,30000,1000,13,25.16893769998569,0.9871277500060387,0.002785966944712628,1,2,360,25.16893769998569,1.9742555000120774,1.0029481000965461,1.0,30000,35.375718176665636
A_variar_N,Lista,ordenado,30000,1000,13,0.000651661219119412,0.47411940002348274,0.0014916611110666856,1542,3,702,1.0048615998821333,1.4223582000704482,1.0471460999688134,1.0,,35.44179835833299
A_variar_N,B+,ordenado,30000,1000,13,0.02134272352993196,0.0007549787218563427,0.0014928462443631883,51,1330,679,1.08847890002653,1.0041217000689358,1.0136425999226049,1.0,4,35.4968770783317
A_variar_N,ABB,ordenado,100,1000,13,0.0002933226915349288,0.0032685410094738286,9.722350608472327e-06,3433,317,105411,1.0069768000394106,1.0361275000032037,1.0248426999896765,1.0,100,35.54871024166544
A_variar_N,B+,ordenado,100,1000,13,4.632789464393844e-05,0.00039446861973904717,5.625548518563368e-06,22058,2543,183631,1.021900700055994,1.003133699996397,1.0330251000123098,1.0,2,35.60355006166501
A_variar_N,Lista,ordenado,100,1000,13,2.616940892456615e-06,0.0016600809604336588,5.012313959016648e-06,387394,604,202778,1.013787200092338,1.00268890010193,1.0163869999814779,1.0,,35.655177409999304
A_variar_N,Lista,aleatorio,10000,1000,14,0.00021023999175263775,0.18112696666503325,0.0014866521546719553,4851,6,673,1.0198741999920458,1.0867617999901995,1.000516900094226,1.0,,35.71064916666558
A_variar_N,B+,aleatorio,10000,1000,14,0.007544620422495555,0.0006054421148918501,0.0005153566530377565,142,1655,1954,1.0713360999943689,1.002006700146012,1.0070069000357762,1.0,3,35.765498629998184
A_variar_N,ABB,aleatorio,10000,1000,14,0.012387391463739843,0.0013678422191713373,0.001023484826895983,82,739,982,1.0157661000266671,1.0108353999676183,1.0050621000118554,1.0,28,35.818054381664844
A_variar_N,B+,ordenado,1000,1000,14,0.0005652424832702281,0.0005253154611892498,5.1934756661526385e-05,1796,1908,19438,1.0151754999533296,1.0023018999490887,1.0095077999867499,1.0,3,35.87233554999887
A_variar_N,ABB,ordenado,1000,1000,14,0.028217567568267318,0.0335455281274335,9.40787311313139e-05,37,32,10734,1.0440500000258908,1.073456900077872,1.0098410999635234,1.0,1000,35.92569410333332
A_variar_N,Lista,ordenado,1000,1000,14,2.3098760035525135e-05,0.01547996666741328,4.7114633344086475e-05,43469,69,21246,1.004079999984242,1.0681177000515163,1.0009975000284612,1.0,,35.97742163333266
A_variar_N,Lista,aleatorio,100000,1000,14,0.002301585333318346,2.218472099979408,0.02135871250114481,450,1,48,1.0357133999932557,2.218472099979408,1.025218200054951,1.0,,36.05268404833235
A_variar_N,B+,aleatorio,100000,1000,14,0.10017403636381707,0.000912704512696303,0.00676216442925518,11,1108,149,1.1019144000019878,1.0112766000675038,1.0075624999590218,1.0,4,36.110405774998554
A_variar_N,ABB,aleatorio,100000,1000,14,0.27851948000025006,0.0030069109791674227,0.018397644642391242,5,337,56,1.3925974000012502,1.0133289999794215,1.0302680999739096,1.0,47,36.17565135333182
A_variar_N,B+,aleatorio,100,1000,14,5.0978963410655715e-05,0.00039249510576688893,5.30223982766864e-06,20008,2554,195015,1.0199870999203995,1.0024325001286343,1.0340162999927998,1.0,2,36.23071586666629
A_variar_N,Lista,aleatorio,100,1000,14,2.4836633550917525e-06,0.0018152383364110538,6.516471548624346e-06,410225,553,158109,1.018860799842514,1.0038268000353128,1.0303128000814468,1.0,,36.28258166333156
A_variar_N,ABB,aleatorio,100,1000,14,6.0101205034168076e-05,0.0006307203888950385,9.216323139690629e-06,16680,1594,110714,1.0024880999699235,1.0053682998986915,1.0203760000877082,1.0,16,36.33557044333235
A_variar_N,Lista,ordenado,100000,1000,14,0.002252245232816001,1.7560644999612123,0.005979955357144631,451,1,168,1.0157626000000164,1.7560644999612123,1.004632500000298,1.0,,36.40129647833334
A_variar_N,B+,ordenado,100000,1000,14,0.07756171332827459,0.0009430414474922884,0.006265208641797258,15,1064,162,1.1634256999241188,1.0033961001317948,1.0149637999711558,1.0,4,36.45879914999823
A_variar_N,Lista,ordenado,10000,1000,14,0.00020526685316085846,0.1577938285689535,0.0004893738865517028,5005,7,2133,1.0273606000700966,1.1045567999826744,1.043834500014782,1.0,,36.514843246664775
A_variar_N,B+,ordenado,10000,1000,14,0.00637382619052438,0.0007020333100327122,0.0005118806550694875,168,1426,1954,1.0708028000080958,1.0010995001066476,1.0002148000057787,1.0,4,36.56922014333153
A_variar_N,ABB,ordenado,10000,1000,14,2.6902280999347568,0.3231951000052504,0.0009212500460509282,1,4,1087,2.6902280999347568,1.2927804000210017,1.001398800057359,1.0,10000,36.65778659833207
A_variar_N,Lista,aleatorio,300,1000,14,7.165929523610019e-06,0.005276901571260502,2.1478036825101104e-05,142713,191,46710,1.0226713001029566,1.0078882001107559,1.0032391001004726,1.0,,36.70893153833264
A_variar_N,ABB,aleatorio,300,1000,14,0.00019169684269255575,0.0006628354221470604,2.8144960235662343e-05,5226,1516,36341,1.0018076999112964,1.0048584999749437,1.0228159999242052,1.0,15,36.762006161666555
A_variar_N,B+,aleatorio,300,1000,14,0.00016454949443285043,0.00041494639296931016,1.571908067745903e-05,6132,2412,64243,1.0090174998622388,1.0008506998419762,1.0098408999620005,1.0,2,36.816322366666284
A_variar_N,B+,ordenado,30000,1000,14,0.021648234692497218,0.0007662918320003869,0.0015328021963450125,49,1310,683,1.0607634999323636,1.0038422999205068,1.0469039001036435,1.0,4,36.87223191166607
A_variar_N,Lista,ordenado,30000,1000,14,0.0006342675675310798,0.4638984333335732,0.0014798186113782767,1591,3,677,1.009119699941948,1.3916953000007197,1.0018371999030933,1.0,,36.936716069998994
A_variar_N,ABB,ordenado,30000,1000,14,24.392318000085652,0.9730812999769114,0.002779045405583708,1,2,370,24.392318000085652,1.9461625999538228,1.028246800065972,1.0,30000,37.40919556166627
A_variar_N,B+,aleatorio,30000,1000,14,0.02500715238108699,0.0007446937084295887,0.0015218350669593283,42,1351,673,1.0503004000056535,1.0060812000883743,1.024195000063628,1.0,4,37.46489988333197
A_variar_N,Lista,aleatorio,30000,1000,14,0.0006462751580731926,0.5233105499646626,0.005129794388230206,1582,2,196,1.0224073000717908,1.0466210999293253,1.0054397000931203,1.0,,37.52552559166603
A_variar_N,ABB,aleatorio,30000,1000,14,0.0518998045431958,0.0018835482308970594,0.003184611874894472,22,537,320,1.1417956999503076,1.011465399991721,1.019075799966231,1.0,36,37.58090554333175
A_variar_N,Lista,aleatorio,3000,1000,14,6.578003674829582e-05,0.05357464500120841,0.00037671531836610384,15784,20,2670,1.0382721000351012,1.0714929000241682,1.0058299000374973,1.0,,37.63406569333165
A_variar_N,B+,aleatorio,3000,1000,14,0.002115061157142497,0.0005529615256473044,0.00015315246663698284,484,1809,6669,1.0236896000569686,1.0003073998959735,1.0213738000020385,1.0,3,37.688514398333304
A_variar_N,ABB,aleatorio,3000,1000,14,0.003048154252343688,0.001130583333187141,0.0003019019584436644,341,888,3319,1.0394206000491977,1.003957999870181,1.0020126000745222,1.0,27,37.74121108666489
A_variar_N,Lista,ordenado,3000,1000,14,6.886058613999513e-05,0.047804345450872046,0.00014782584156720503,14604,22,6892,1.0056399999884889,1.051695599919185,1.018815700081177,1.0,,37.79359667333192
A_variar_N,B+,ordenado,3000,1000,14,0.0018026620503883515,0.0005445300162475619,0.00015742701430909907,556,1839,6367,1.0022801000159234,1.0013906998792663,1.0023378001060337,1.0,3,37.84746753499882
A_variar_N,ABB,ordenado,3000,1000,14,0.2453868999844417,0.09875913636377928,0.0002765131260365264,5,11,3634,1.2269344999222085,1.086350500001572,1.004848700016737,1.0,3000,37.9088223683318
A_variar_N,B+,aleatorio,1000,1000,14,0.0006484593406684442,0.0005268255913389345,5.660995027569158e-05,1547,1903,20311,1.003166600014083,1.0025491003179923,1.1498047000495717,1.0,3,37.96534090499821
A_variar_N,ABB,aleatorio,1000,1000,14,0.0008560613344859258,0.0008833264911612659,9.778749634315839e-05,1169,1140,10253,1.0007357000140473,1.0069921999238431,1.002615200006403,1.0,23,38.017901723333246
A_variar_N,Lista,aleatorio,1000,1000,14,2.2431852991464746e-05,0.0180584052638886,8.480597811785982e-05,46228,57,11977,1.0369797000894323,1.0293291000416502,1.015721199917607,1.0,,38.06983711499876
A_variar_N,Lista,ordenado,300,1000,14,7.238245475610938e-06,0.004752845971258048,1.4354442228345659e-05,139810,211,70190,1.0119790999451652,1.0028504999354482,1.0075383000075817,1.0,,38.12080771499895
A_variar_N,ABB,ordenado,300,1000,14,0.0025453047846938576,0.00961686886807482,2.9264690070298023e-05,418,106,34976,1.0639374000020325,1.0193881000159308,1.0235617998987436,1.0,300,38.1730831949991
A_variar_N,B+,ordenado,300,1000,14,0.0001485573869604068,0.00042098662168528846,1.6010170721726484e-05,6789,2377,63378,1.0085561000742018,1.0006851997459307,1.014692600001581,1.0,2,38.22748787666593
A_variar_N,B+,ordenado,100,1000,14,4.760721412444966e-05,0.00039865049699258436,5.784155315887309e-06,21347,2515,177883,1.0162711999146268,1.0026059999363497,1.0289029000559822,1.0,2,38.28221721333296
A_variar_N,Lista,ordenado,100,1000,14,2.871712828728326e-06,0.001690306166613785,4.881733882633655e-06,348225,600,209103,1.0000021997839212,1.014183699968271,1.0207852000603452,1.0,,38.33394580833264
A_variar_N,ABB,ordenado,100,1000,14,0.0002910023228696393,0.0032777386077214032,9.942274838431648e-06,3444,316,103260,1.0022119999630377,1.0357654000399634,1.026639299816452,1.0,100,38.38567715166525
A_variar_N,Lista,aleatorio,100000,1000,15,0.0022422198661453357,2.4442512000678107,0.022762008890923526,448,1,45,1.0045145000331104,2.4442512000678107,1.0242904000915587,1.0,,38.464275026664836
A_variar_N,B+,aleatorio,100000,1000,15,0.099650299991481,0.0009226449769556797,0.0069304834481264494,11,1085,145,1.096153299906291,1.0010697999969125,1.0049200999783352,1.0,4,38.521653821666646
A_variar_N,ABB,aleatorio,100000,1000,15,0.2561669999966398,0.0027956336957488575,0.01922804339490128,5,368,53,1.280834999983199,1.0287932000355795,1.0190862999297678,1.0,39,38.58507870666605
A_variar_N,B+,aleatorio,300,1000,15,0.00016585708910314548,0.00042348245474207834,1.5270427709264637e-05,6115,2371,67499,1.0142160998657346,1.0040769001934677,1.0307385999476537,1.0,2,38.64026037666481
A_variar_N,ABB,aleatorio,300,1000,15,0.00020807290671491188,0.0007413537555274077,2.8958029082351544e-05,4813,1358,34867,1.0014549000188708,1.0067584000062197,1.0096796000143513,1.0,17,38.692960948332136
A_variar_N,Lista,aleatorio,300,1000,15,7.205917265039352e-06,0.005279900000112403,2.0805197861013186e-05,139845,199,48847,1.007711499929428,1.0507001000223681,1.0162714999169111,1.0,,38.744744304998314
A_variar_N,B+,ordenado,3000,1000,15,0.0018321684859676653,0.0005428402490771597,0.00015588252948985803,568,1846,6531,1.040671700029634,1.0020830997964367,1.0180688000982627,1.0,3,38.7998598849983
A_variar_N,ABB,ordenado,3000,1000,15,0.24906065999530255,0.09894661818080666,0.00027315187805738333,5,11,3674,1.2453032999765128,1.0884127999888733,1.0035599999828264,1.0,3000,38.86164607499959
A_variar_N,Lista,ordenado,3000,1000,15,6.813354951880319e-05,0.046693975004018284,0.00015659989045789787,14802,24,6391,1.008512799977325,1.1206554000964388,1.0008298999164253,1.0,,38.91478437333329
A_variar_N,B+,aleatorio,10000,1000,15,0.007984531538274426,0.0006701501005417146,0.0005324730448443268,130,1493,1918,1.0379890999756753,1.00053410010878,1.0212833000114188,1.0,3,38.9698269799992
A_variar_N,Lista,aleatorio,10000,1000,15,0.00023044307149218402,0.18186739999024817,0.0014903634424940028,4532,6,703,1.044368000002578,1.091204399941489,1.047725500073284,1.0,,39.02640197000001
A_variar_N,ABB,aleatorio,10000,1000,15,0.012107550000046315,0.0013651947152036113,0.0010288776991950906,86,738,991,1.041249300003983,1.0075136998202652,1.0196177999023348,1.0,28,39.079541581665396
A_variar_N,Lista,aleatorio,100,1000,15,2.389528724408785e-06,0.0018357631100331573,6.546241744619737e-06,440634,553,156562,1.0529075999511406,1.015176999848336,1.0248927000211552,1.0,,39.13213251499886
A_variar_N,ABB,aleatorio,100,1000,15,5.04132163460843e-05,0.0005249949160546447,9.21874624183592e-06,19945,1908,109782,1.0054916000226513,1.001690299832262,1.012052399921231,1.0,11,39.18542280499823
A_variar_N,B+,aleatorio,100,1000,15,5.020422003453052e-05,0.0003980966706144145,5.22512327557915e-06,20142,2523,195902,1.0112133999355137,1.0043978999601677,1.0236120999325067,1.0,2,39.239895896665985
A_variar_N,ABB,aleatorio,1000,1000,15,0.0008154192997039529,0.0008875638127757692,9.48486138112743e-05,1228,1133,10785,1.0013349000364542,1.0056097998749465,1.0229422999545932,1.0,21,39.292907684998745
A_variar_N,B+,aleatorio,1000,1000,15,0.0006318816803225133,0.0005246399791422921,4.950032828982524e-05,1583,1911,20409,1.0002686999505386,1.0025870001409203,1.0102522000670433,1.0,3,39.34697177833296
A_variar_N,Lista,aleatorio,1000,1000,15,2.2583634771743788e-05,0.01776052131241218,8.596610325427497e-05,44619,61,11951,1.007659199880436,1.083391800057143,1.0273808999918401,1.0,,39.399484833331854
A_variar_N,Lista,ordenado,100,1000,15,2.425950555632313e-06,0.0017678060241463544,5.037430159225521e-06,423305,581,198666,1.0269169999519363,1.027095300029032,1.0007661000126973,1.0,,39.451557528332344
A_variar_N,ABB,ordenado,100,1000,15,0.00028513112187768486,0.0033016201952041553,9.62602712861591e-06,3512,307,106973,1.0013805000344291,1.0135973999276757,1.0297250000294298,1.0,100,39.50292368333321
A_variar_N,B+,ordenado,100,1000,15,4.7259655703068674e-05,0.00040298933594279607,5.541289635322871e-06,21319,2485,185882,1.0075285999337211,1.0014284998178482,1.0300259999930859,1.0,2,39.55735359166477
A_variar_N,Lista,aleatorio,30000,1000,15,0.0006508553895778809,0.5301141666714102,0.005203224872806237,1540,3,197,1.0023172999499366,1.5903425000142306,1.0250352999428287,1.0,,39.62758215999929
A_variar_N,B+,aleatorio,30000,1000,15,0.025053719047545678,0.0007573819485017495,0.0015028805059305991,42,1324,672,1.0522561999969184,1.0027736998163164,1.0099356999853626,1.0,4,39.68217572666666
A_variar_N,ABB,aleatorio,30000,1000,15,0.046212804346831275,0.0017216037289965582,0.003077257668493784,23,590,326,1.0628944999771193,1.0157462001079693,1.0031859999289736,1.0,33,39.73617935499836
A_variar_N,B+,ordenado,300,1000,15,0.00014933134950384256,0.00041426448677651066,1.610009335506996e-05,6721,2416,62129,1.0036560000153258,1.0008630000520498,1.0002827000571415,1.0,2,39.79050708499854
A_variar_N,ABB,ordenado,300,1000,15,0.002541829187772828,0.009669502727179365,2.860418352598086e-05,394,110,35090,1.0014806999824941,1.0636452999897301,1.0037207999266684,1.0,300,39.84214473833175
A_variar_N,Lista,ordenado,300,1000,15,7.330912768783344e-06,0.004746309433786971,1.4138217934576643e-05,136442,212,71333,1.000244399998337,1.006217599962838,1.0085214999271557,1.0,,39.892969918332525
A_variar_N,Lista,ordenado,100000,1000,15,0.002101215624861652,1.7078150999732316,0.006129276506036116,480,1,166,1.008583499933593,1.7078150999732316,1.0174599000019953,1.0,,39.95793230166503
A_variar_N,B+,ordenado,100000,1000,15,0.07614767333337416,0.0009300329006493672,0.006074399459553329,15,1079,185,1.1422151000006124,1.0035054998006672,1.1237639000173658,1.0,4,40.01685117999829
A_variar_N,B+,aleatorio,3000,1000,15,0.002132444282831032,0.0005503799890461385,0.0001489865691416201,481,1819,6768,1.0257057000417262,1.001141200074926,1.008341099950485,1.0,3,40.07148354833286
A_variar_N,ABB,aleatorio,3000,1000,15,0.002938430681917287,0.0010925069337060932,0.00030688645256968743,352,923,3425,1.034327600034885,1.008383899810724,1.0510861000511795,1.0,26,40.12511225333243
A_variar_N,Lista,aleatorio,3000,1000,15,6.833265875799962e-05,0.05252588500152342,0.00037343619153133104,14676,20,2694,1.0028500999324024,1.0505177000304684,1.0060370999854058,1.0,,40.17717540499871
A_variar_N,Lista,ordenado,30000,1000,15,0.0006314625705922238,0.46164883331706125,0.0014835921282141467,1595,3,686,1.007182800094597,1.3849464999511838,1.0177441999549046,1.0,,40.242552733332076
A_variar_N,B+,ordenado,30000,1000,15,0.02169253333362148,0.000758613832066158,0.0015079878742212686,51,1323,668,1.1063192000146955,1.003646099823527,1.0073358999798074,1.0,4,40.297843613331985
A_variar_N,ABB,ordenado,30000,1000,15,24.793727300013416,0.9796941999811679,0.0027992804469696804,1,2,358,24.793727300013416,1.9593883999623358,1.0021424000151455,1.0,30000,40.776760756664835
A_variar_N,ABB,ordenado,1000,1000,15,0.027394848649163504,0.032065844118786865,9.432826455079183e-05,37,34,10614,1.0136094000190496,1.0902387000387534,1.0012001999421045,1.0,1000,40.82987193999967
A_variar_N,B+,ordenado,1000,1000,15,0.0005689853893787796,0.0005258675405826941,5.274503646433004e-05,1759,1907,19200,1.0008452999172732,1.0028293998911977,1.0127047001151368,1.0,3,40.88398251499942
A_variar_N,Lista,ordenado,1000,1000,15,2.3642433596652152e-05,0.015826095587245244,4.794485610128389e-05,42431,68,20918,1.0031720999395475,1.0761744999326766,1.0029104999266565,1.0,,40.935878498332265
A_variar_N,B+,ordenado,10000,1000,15,0.006510080723372479,0.0006964702142914854,0.0005014234795611155,166,1447,2006,1.0806734000798315,1.0077924000797793,1.0058554999995977,1.0,4,40.99080881499879
A_variar_N,Lista,ordenado,10000,1000,15,0.0002217576710166249,0.15628351427481643,0.000496882261724092,4517,7,2193,1.0016793999820948,1.093984599923715,1.0896627999609336,1.0,,41.046839541666365
A_variar_N,ABB,ordenado,10000,1000,15,2.7864936999976635,0.3303388500062283,0.0009321778191805567,1,4,1073,2.7864936999976635,1.3213554000249133,1.0002267999807373,1.0,10000,41.13763656166654
A_variar_N,B+,aleatorio,100000,1000,16,0.09917448181658983,0.0009019124999343018,0.006844197278747297,11,1120,147,1.0909192999824882,1.010141999926418,1.0060969999758527,1.0,4,41.197793589999975
A_variar_N,ABB,aleatorio,100000,1000,16,0.2552574400091544,0.0028767336155340537,0.01879415636331859,5,354,55,1.276287200045772,1.018363699899055,1.0336785999825224,1.0,43,41.260753044998275
A_variar_N,Lista,aleatorio,100000,1000,16,0.002110320754765105,2.1139746999833733,0.021039137500338256,477,1,48,1.0066230000229552,2.1139746999833733,1.0098786000162363,1.0,,41.330742301665786
A_variar_N,ABB,ordenado,1000,1000,16,0.027442483785184654,0.0323693588245934,9.410788712454056e-05,37,34,10701,1.0153719000518322,1.1005582000361755,1.0070485001197085,1.0,1000,41.38429463166588
A_variar_N,B+,ordenado,1000,1000,16,0.0005611385690056667,0.0005235454829910639,5.329946410955548e-05,1789,1915,18847,1.0038768999511376,1.0025895999278873,1.0045350000727922,1.0,3,41.43855883999883
A_variar_N,Lista,ordenado,1000,1000,16,2.322012602138106e-05,0.01564478235291865,5.026226879882424e-05,43168,68,19896,1.0023664000909775,1.0638451999984682,1.000018100021407,1.0,,41.490183074999365
A_variar_N,Lista,ordenado,300,1000,16,7.084492242836642e-06,0.004744207075761877,1.432957670577461e-05,149983,212,70471,1.062553400057368,1.005771900061518,1.0098196000326425,1.0,,41.54208356833163
A_variar_N,ABB,ordenado,300,1000,16,0.002620670050654447,0.009674835237230929,2.823993880524466e-05,394,105,35622,1.032543999957852,1.0158576999092475,1.0059631001204252,1.0,300,41.59351696999899
A_variar_N,B+,ordenado,300,1000,16,0.00014991511488155474,0.00041574779716966763,1.5949910069573892e-05,6702,2406,63939,1.0047310999361798,1.0002891999902204,1.019821299938485,1.0,2,41.64799807999904
A_variar_N,ABB,ordenado,3000,1000,16,0.2540430600056425,0.1041784181831066,0.00028932747980144687,5,11,3468,1.2702153000282124,1.1459626000141725,1.0033876999514177,1.0,3000,41.71126836499898
A_variar_N,Lista,ordenado,3000,1000,16,6.906086180625729e-05,0.04669869999887179,0.00015315624042897027,14574,23,6538,1.0064929999643937,1.0740700999740511,1.0013354999246076,1.0,,41.763603451665645
A_variar_N,B+,ordenado,3000,1000,16,0.0018213103756088637,0.0005462140752336917,0.00015780974036986835,559,1833,6355,1.0181124999653548,1.001210399903357,1.0028809000505134,1.0,3,41.81802310999871
A_variar_N,B+,ordenado,100,1000,16,4.7688934521370344e-05,0.00040338348103296926,5.575862891494626e-06,21427,2482,180179,1.0218307999894023,1.0011977999238297,1.0046533999266103,1.0,2,41.872344399998354
A_variar_N,Lista,ordenado,100,1000,16,2.49452816858446e-06,0.0016425722952336684,4.960351870909596e-06,402644,610,207349,1.0044067999115214,1.0019691000925377,1.0285240000812337,1.0,,41.92400419166661
A_variar_N,ABB,ordenado,100,1000,16,0.00029348943972056933,0.0032479088890203646,9.635907031627148e-06,3409,315,106876,1.0005055000074208,1.0230913000414148,1.029847199912183,1.0,100,41.97556266166502
A_variar_N,Lista,ordenado,30000,1000,16,0.0006370276340492046,0.47005523333791643,0.0014896130689492288,1585,3,681,1.0096887999679893,1.4101657000137493,1.0144264999544248,1.0,,42.0413266049989
A_variar_N,B+,ordenado,30000,1000,16,0.021348101958888126,0.00075919092956646,0.0014820232694565329,51,1323,679,1.0887531999032944,1.0044095998164266,1.0062937999609858,1.0,4,42.09650146999823
A_variar_N,ABB,ordenado,30000,1000,16,25.255892400047742,0.9990831000031903,0.0027388475410375602,1,2,366,25.255892400047742,1.9981662000063807,1.002418200019747,1.0,30000,42.58429682666513
A_variar_N,ABB,aleatorio,1000,1000,16,0.0008007642041298831,0.0008502689245015786,9.335661580389123e-05,1313,1181,10815,1.0514034000225365,1.0041675998363644,1.0096517999190837,1.0,22,42.637879873332956
A_variar_N,B+,aleatorio,1000,1000,16,0.0006097606208959931,0.0005179200619348681,5.010823356248146e-05,1643,1939,20380,1.0018367001321167,1.0042470000917092,1.0212058000033721,1.0,3,42.69218913666555
A_variar_N,Lista,aleatorio,1000,1000,16,2.3019365770672994e-05,0.017830836841950946,8.579823188091645e-05,43675,57,11877,1.005370800034143,1.0163576999912038,1.0190256000496447,1.0,,42.74341352666573
A_variar_N,B+,ordenado,100000,1000,16,0.07712318000073234,0.0009431179680993828,0.005203672539360744,15,1063,193,1.1568477000109851,1.002534400089644,1.0043088000966236,1.0,4,42.802735399998106
A_variar_N,Lista,ordenado,100000,1000,16,0.002230754666703029,1.605218300013803,0.005618780526626659,450,1,190,1.003839600016363,1.605218300013803,1.0675683000590652,1.0,,42.8645215733326
A_variar_N,ABB,ordenado,10000,1000,16,2.729164599906653,0.33514895002008416,0.0009172591651213472,1,4,1102,2.729164599906653,1.3405958000803366,1.0108195999637246,1.0,10000,42.95532445999949
A_variar_N,B+,ordenado,10000,1000,16,0.006578874390248618,0.00069822224553264,0.0005125890481414439,164,1434,1954,1.0789354000007734,1.0012507000938058,1.0015990000683814,1.0,4,43.00979731499877
A_variar_N,Lista,ordenado,10000,1000,16,0.00021740312700120552,0.15967632856752192,0.00050589634640328,4669,7,2217,1.0150551999686286,1.1177342999726534,1.1215721999760717,1.0,,43.06683682833294
A_variar_N,Lista,aleatorio,300,1000,16,7.3575565038784595e-06,0.005222555440536898,2.1143600947119548e-05,136452,193,48976,1.0039533000672236,1.0079532000236213,1.035528999986127,1.0,,43.11832992499888
A_variar_N,ABB,aleatorio,300,1000,16,0.00019214631621411365,0.0006870795205579943,2.857486670761128e-05,5212,1460,35073,1.0014666001079604,1.0031361000146717,1.0022063000360504,1.0,16,43.170969243332124
A_variar_N,B+,aleatorio,300,1000,16,0.00016475974451268536,0.0004270236999434018,1.530401741923227e-05,6106,2346,66137,1.0060229999944568,1.0017976000672206,1.0121618000557646,1.0,2,43.2254871283328
A_variar_N,ABB,aleatorio,10000,1000,16,0.012774970001191831,0.0014065076708092226,0.0010586452910617467,80,717,945,1.0219976000953466,1.0084659999702126,1.0004198000533506,1.0,30,43.2783549983326
A_variar_N,B+,aleatorio,10000,1000,16,0.007510475714557937,0.0006111032946593264,0.0005136085127941559,140,1639,1997,1.0514666000381112,1.001598299946636,1.0256762000499293,1.0,3,43.333255088333196
A_variar_N,Lista,aleatorio,10000,1000,16,0.0002195505696935718,0.1794600666811069,0.0014743419826022586,4564,6,686,1.0020288000814617,1.0767604000866413,1.0113986000651494,1.0,,43.388011201665115
A_variar_N,ABB,aleatorio,3000,1000,16,0.0029631770537802077,0.0010808662727233083,0.0003055104826774745,353,931,3377,1.0460014999844134,1.0062864999054,1.0317089000018314,1.0,26,43.44156352833185
A_variar_N,Lista,aleatorio,3000,1000,16,6.802197272422612e-05,0.05263006499735638,0.0003835798408652615,14741,20,2639,1.0027118999278173,1.0526012999471277,1.012267200043425,1.0,,43.4937669149988
A_variar_N,B+,aleatorio,3000,1000,16,0.0020800955101790627,0.0005520261997887141,0.00015132481133474788,490,1813,6626,1.0192467999877408,1.0008235002169386,1.0026781999040395,1.0,3,43.54781895333242
A_variar_N,Lista,aleatorio,30000,1000,16,0.0006408809165500118,0.5463427499635145,0.005243598974835223,1593,2,195,1.0209233000641689,1.092685499927029,1.0225018000928685,1.0,,43.61029083999844
A_variar_N,B+,aleatorio,30000,1000,16,0.02529890476060765,0.0007607663635016335,0.0015046565476084304,42,1320,672,1.0625539999455214,1.0042115998221561,1.0111291999928653,1.0,4,43.66512069333306
A_variar_N,ABB,aleatorio,30000,1000,16,0.04842771818353371,0.0018469078038242763,0.0032014312103218665,22,551,314,1.0654098000377417,1.0176461999071762,1.005249400041066,1.0,37,43.71924683666633
A_variar_N,B+,aleatorio,100,1000,16,5.109950348239184e-05,0.0003963340054582488,5.341375338280764e-06,19939,2529,194483,1.018872999935411,1.0023286998039111,1.0388066999148577,1.0,2,43.77419373166631
A_variar_N,Lista,aleatorio,100,1000,16,2.641790643407115e-06,0.0017635059027977856,6.497797155585332e-06,386431,576,157569,1.0208698001224548,1.0157794000115246,1.0238514000084251,1.0,,43.826273213332755
A_variar_N,ABB,aleatorio,100,1000,16,5.0801841391117244e-05,0.0005432239697272374,9.073591303127841e-06,19822,1844,110297,1.006994100054726,1.0017050001770258,1.0007898999610916,1.0,15,43.879348151665184
A_variar_N,B+,ordenado,10000,1000,17,0.00646291069141677,0.0007414895126512178,0.0005379033870794761,159,1354,1860,1.0276027999352664,1.0039768001297489,1.0005002999678254,1.0,4,43.93325771999856
A_variar_N,Lista,ordenado,10000,1000,17,0.00023071536963114613,0.16956575715448707,0.0005246766701088888,4626,7,1916,1.067289299913682,1.1869603000814095,1.0052804999286309,1.0,,43.99045594833248
A_variar_N,ABB,ordenado,10000,1000,17,2.797841800027527,0.3326535749947652,0.0009355018692195554,1,4,1070,2.797841800027527,1.3306142999790609,1.0009870000649244,1.0,10000,44.08192809333171
A_variar_N,B+,aleatorio,3000,1000,17,0.0020882389559616224,0.0005538469285734604,0.00014976997365973363,498,1807,6834,1.039943000068888,1.000801399932243,1.0235279999906197,1.0,3,44.13677522499929
A_variar_N,ABB,aleatorio,3000,1000,17,0.003446244336679747,0.0012508252500265371,0.0002941303456411656,309,800,3414,1.0648895000340417,1.0006602000212297,1.0041610000189394,1.0,28,44.189791391665736
A_variar_N,Lista,aleatorio,3000,1000,17,6.729381829731234e-05,0.05220648000249639,0.0003670161490620903,14915,20,2737,1.0036872999044135,1.0441296000499278,1.0045231999829412,1.0,,44.241733566665786
A_variar_N,B+,ordenado,100,1000,17,4.750911433676532e-05,0.000396401068014078,5.629943828255878e-06,21340,2528,182298,1.0138444999465719,1.0021018999395892,1.02632750000339,1.0,2,44.29634079666575
A_variar_N,Lista,ordenado,100,1000,17,2.593109393332733e-06,0.0016546085950233473,4.947606756104131e-06,397309,605,208817,1.0302656999556348,1.0010381999891251,1.0331443999893963,1.0,,44.34848019499914
A_variar_N,ABB,ordenado,100,1000,17,0.00028761272623394453,0.0032782077920840836,9.76517424073623e-06,3481,308,103679,1.001179900020361,1.0096879999618977,1.0124435001052916,1.0,100,44.399507278332024
A_variar_N,ABB,ordenado,30000,1000,17,24.460012100054882,1.0146711999550462,0.0027837052485308717,1,1,362,24.460012100054882,1.0146711999550462,1.0077012999681756,1.0,30000,44.841927963332274
A_variar_N,B+,ordenado,30000,1000,17,0.021355840384225864,0.0007651932826372332,0.0015065613193325754,52,1310,667,1.1105036999797449,1.0024032002547756,1.0048763999948278,1.0,4,44.89715453666479
A_variar_N,Lista,ordenado,30000,1000,17,0.0006678152542353163,0.4736687666736543,0.0014775558996390672,1593,3,678,1.0638296999968588,1.421006300020963,1.0017828999552876,1.0,,44.96370833666491
A_variar_N,Lista,aleatorio,300,1000,17,6.974609921525509e-06,0.0051981577320869285,2.0785706999830843e-05,147983,194,49024,1.0321237000171095,1.008442600024864,1.0189984999597073,1.0,,45.01526881166501
A_variar_N,B+,aleatorio,300,1000,17,0.0001656197134404761,0.0004212651114022972,1.527864530550917e-05,6072,2379,67971,1.0056429000105709,1.0021897000260651,1.038504800060764,1.0,2,45.07003096666497
A_variar_N,ABB,aleatorio,300,1000,17,0.0001928060937818585,0.0006896409214419176,2.8018921774345605e-05,5202,1454,35948,1.002977299853228,1.0027378997765481,1.0072241999441758,1.0,16,45.12279254833314
A_variar_N,ABB,aleatorio,30000,1000,17,0.04969634285884067,0.0018639648896008592,0.003102295412909843,21,544,327,1.043623200035654,1.0139968999428675,1.0144506000215188,1.0,37,45.17739177666566
A_variar_N,B+,aleatorio,30000,1000,17,0.025249685712402596,0.0007642847794154872,0.0015156859281740547,42,1314,668,1.060486799920909,1.0042702001519501,1.0124782000202686,1.0,4,45.23217297499844
A_variar_N,Lista,aleatorio,30000,1000,17,0.0006604350494718788,0.5271692500100471,0.005288873469499795,1515,2,196,1.0005590999498963,1.0543385000200942,1.0366192000219598,1.0,,45.29334549999912
A_variar_N,Lista,aleatorio,1000,1000,17,2.277294038985508e-05,0.01862236206893456,8.531983443813494e-05,44960,58,11959,1.0238713999278843,1.0800969999982044,1.0203399000456557,1.0,,45.34608633166645
A_variar_N,ABB,aleatorio,1000,1000,17,0.0008349902237292499,0.0009206997250496153,9.533249453034182e-05,1207,1091,10531,1.0078332000412047,1.0044834000291303,1.0039464998990297,1.0,24,45.398674131666
A_variar_N,B+,aleatorio,1000,1000,17,0.0006423309706460737,0.0005402665408614659,4.973495465719097e-05,1566,1853,20292,1.0058903000317514,1.0011139002162963,1.0092216999037191,1.0,3,45.45264368999827
A_variar_N,Lista,ordenado,300,1000,17,7.325473644956128e-06,0.004876958252070924,1.4335308571530438e-05,136600,206,70405,1.0006596999010071,1.0046533999266103,1.0092773999786004,1.0,,45.503618524999666
A_variar_N,B+,ordenado,300,1000,17,0.00015026158453740142,0.00041455944479993283,1.625394242057449e-05,6677,2414,62487,1.0032965999562293,1.0007464997470379,1.015660100034438,1.0,2,45.55797387166531
A_variar_N,ABB,ordenado,300,1000,17,0.0025781197434601682,0.009830849999607559,2.83712528704162e-05,390,102,35287,1.0054666999494657,1.002746699959971,1.0011364000383765,1.0,300,45.608640331666294
A_variar_N,B+,aleatorio,100000,1000,17,0.10180483000585809,0.0009366823527718486,0.007008576388923555,10,1071,144,1.018048300058581,1.0031867998186499,1.009235000004992,1.0,4,45.6677306333324
A_variar_N,Lista,aleatorio,100000,1000,17,0.002228444150215216,2.273140799952671,0.0221821347823488,453,1,46,1.009485200047493,2.273140799952671,1.0203781999880448,1.0,,45.74060391666523
A_variar_N,ABB,aleatorio,100000,1000,17,0.25990500000771133,0.0029069436974927827,0.019165212726643815,5,357,55,1.2995250000385568,1.0377789000049233,1.05408669996541,1.0,41,45.80472962833203
A_variar_N,Lista,ordenado,1000,1000,17,2.358596026171847e-05,0.015829118461204834,4.8471145749352126e-05,43384,65,20659,1.0232532999943942,1.0288926999783143,1.0013654000358656,1.0,,45.85637804666573
A_variar_N,ABB,ordenado,1000,1000,17,0.02735752105333009,0.032661646877386374,9.454595232546546e-05,38,32,10611,1.0395858000265434,1.045172700076364,1.003227100125514,1.0,1000,45.90908331499862
A_variar_N,B+,ordenado,1000,1000,17,0.0005653847581984557,0.0005260898003165663,5.2323943001599354e-05,1778,1902,19300,1.0052541000768542,1.000622800202109,1.0098520999308676,1.0,3,45.96336792833172
A_variar_N,B+,aleatorio,100,1000,17,5.0126687142504254e-05,0.00039473853426837927,5.231859020065361e-06,20508,2538,199347,1.0279980999184772,1.0018463999731466,1.0429554000729695,1.0,2,46.01849215333156
A_variar_N,Lista,aleatorio,100,1000,17,2.5248166186158424e-06,0.0018000648312310342,6.514333115366099e-06,404757,563,160635,1.0219372001010925,1.0134364999830723,1.0464298999868333,1.0,,46.07084222666648
A_variar_N,ABB,aleatorio,100,1000,17,5.3016886146743754e-05,0.0005555182674962786,9.229140876910595e-06,18909,1801,110508,1.0024963001487777,1.0004883997607976,1.019893900025636,1.0,13,46.124017918333024
A_variar_N,B+,aleatorio,10000,1000,17,0.007641838635952974,0.0006040991576042174,0.0005353441299256562,132,1662,1908,1.0087226999457926,1.0040127999382094,1.021436599898152,1.0,3,46.178491166666696
A_variar_N,Lista,aleatorio,10000,1000,17,0.00022123810470635815,0.18002991665465137,0.0014882232896235312,4527,6,687,1.0015449000056833,1.0801794999279082,1.022409399971366,1.0,,46.23340950333319
A_variar_N,ABB,aleatorio,10000,1000,17,0.012680029762642724,0.001402308194438875,0.0010408906571354787,84,720,974,1.0651225000619888,1.00966189999599,1.0138275000499561,1.0,33,46.286789763332735
A_variar_N,B+,ordenado,3000,1000,17,0.001875018904581271,0.000549847582498422,0.0001572018109123063,566,1820,6516,1.0612606999929994,1.000722600147128,1.0243269999045879,1.0,3,46.342058404998774
A_variar_N,ABB,ordenado,3000,1000,17,0.2481980800163001,0.10175125454340807,0.0002805402968144052,5,11,3571,1.2409904000815004,1.1192637999774888,1.001809399924241,1.0,3000,46.40443271333158
A_variar_N,Lista,ordenado,3000,1000,17,6.811500746247994e-05,0.04687131304071163,0.00014838425266917702,14746,23,6744,1.0044239000417292,1.0780401999363676,1.0007034000009298,1.0,,46.45678115999908
A_variar_N,B+,ordenado,100000,1000,17,0.07616149999999575,0.0009149911816612902,0.005402177419533492,14,1100,186,1.0662609999999404,1.0064902998274192,1.0048050000332296,1.0,4,46.51476648166621
A_variar_N,Lista,ordenado,100000,1000,17,0.0022454352424754903,1.769800700014457,0.005884665979034046,454,1,194,1.0194276000838727,1.769800700014457,1.141625199932605,1.0,,46.58077011333274
A_variar_N,Lista,aleatorio,100000,1000,18,0.0023273858141565564,2.099203299963847,0.02141507659503754,430,1,47,1.0007759000873193,2.099203299963847,1.0065085999667645,1.0,,46.65317575999846
A_variar_N,ABB,aleatorio,100000,1000,18,0.2557440800126642,0.0028813195404136316,0.017728088524757473,5,348,61,1.278720400063321,1.0026992000639439,1.0814134000102058,1.0,42,46.71710796499974
A_variar_N,B+,aleatorio,100000,1000,18,0.09876330909107557,0.0009028684067255696,0.0064555910253264485,11,1111,156,1.0863964000018314,1.0030867998721078,1.007072199950926,1.0,4,46.77433858999866
A_variar_N,Lista,ordenado,3000,1000,18,6.68825391745217e-05,0.04745831363834441,0.0001588115287001537,15509,22,6306,1.037281300057657,1.044082900043577,1.0014654999831691,1.0,,46.82702489166598
A_variar_N,B+,ordenado,3000,1000,18,0.0018473503521715723,0.0005527192158861089,0.00015756061842311025,568,1811,6371,1.049295000033453,1.0009744999697432,1.0038186999736354,1.0,3,46.88163237999931
A_variar_N,ABB,ordenado,3000,1000,18,0.26287992000579835,0.10412043636791747,0.00027817061587085844,5,11,3621,1.3143996000289917,1.1453248000470921,1.0072558000683784,1.0,3000,46.94566265833176
A_variar_N,Lista,aleatorio,3000,1000,18,6.774557106593209e-05,0.05328486500075087,0.0003725950575798102,14823,20,2691,1.0041925999103114,1.0656973000150174,1.0026532999472693,1.0,,46.99802738999909
A_variar_N,B+,aleatorio,3000,1000,18,0.002081483402540637,0.0005517756758140625,0.00015243066104993582,482,1813,6898,1.003275000024587,1.0003693002508953,1.0514666999224573,1.0,3,47.05268021333225
A_variar_N,ABB,aleatorio,3000,1000,18,0.0029334086207565904,0.0010589745015654505,0.00030123125938102404,348,953,3327,1.0208262000232935,1.0092026999918744,1.002196399960667,1.0,26,47.10533854666671
A_variar_N,B+,aleatorio,30000,1000,18,0.025084642856936193,0.0007625670213143322,0.001541014285951269,42,1316,651,1.05355499999132,1.003538200049661,1.0032003001542762,1.0,4,47.16061605999906
A_variar_N,Lista,aleatorio,30000,1000,18,0.0006396995523594358,0.5442202499834821,0.005248015816561042,1564,2,196,1.0004900998901576,1.0884404999669641,1.0286111000459641,1.0,,47.222095536665684
A_variar_N,ABB,aleatorio,30000,1000,18,0.04875560000073165,0.00178759720787588,0.003145520000180113,24,573,320,1.1701344000175595,1.0242932001128793,1.0065664000576362,1.0,35,47.278080488332
A_variar_N,ABB,aleatorio,1000,1000,18,0.0007985123210706539,0.000855342748154672,9.511682691897489e-05,1258,1179,10608,1.0045284999068826,1.0084491000743583,1.0089992999564856,1.0,21,47.33104399833246
A_variar_N,B+,aleatorio,1000,1000,18,0.000627168184651744,0.0005253943425738347,4.907749683442136e-05,1603,1909,20566,1.0053505999967456,1.0029777999734506,1.0093277998967096,1.0,3,47.385237769999854
A_variar_N,Lista,aleatorio,1000,1000,18,2.454321864034391e-05,0.018184222807911665,8.748070628468098e-05,40862,57,11610,1.0028850000817329,1.036500700050965,1.0156509999651462,1.0,,47.436708961665865
A_variar_N,ABB,aleatorio,300,1000,18,0.00020804068080589155,0.0007204486001837847,2.820850618340961e-05,4818,1393,35821,1.0023400001227856,1.003584900056012,1.0104568999959156,1.0,17,47.48940613333252
A_variar_N,Lista,aleatorio,300,1000,18,7.047791637558139e-06,0.006150793434106604,2.1277920090218245e-05,143500,198,47704,1.011358099989593,1.2178570999531075,1.0150418999837711,1.0,,47.544031924998855
A_variar_N,B+,aleatorio,300,1000,18,0.00016710998344740874,0.0004169480833418978,1.5390593416162234e-05,6040,2400,65401,1.0093443000223488,1.0006754000205547,1.0065602000104263,1.0,2,47.59830393666634
A_variar_N,B+,ordenado,30000,1000,18,0.02129811063864605,0.000756729638090197,0.0014575981076473297,47,1326,687,1.0010112000163645,1.0034235001076013,1.0013698999537155,1.0,4,47.652381314998884
A_variar_N,Lista,ordenado,30000,1000,18,0.0006488956746406579,0.4690394333641355,0.0014777886363762345,1549,3,704,1.005139400018379,1.4071183000924066,1.0403632000088692,1.0,,47.71818060833223
A_variar_N,ABB,ordenado,30000,1000,18,25.049172000028193,1.0838116999948397,0.002855727762847416,1,1,371,25.049172000028193,1.0838116999948397,1.0594750000163913,1.0,30000,48.171777219998575
A_variar_N,ABB,ordenado,1000,1000,18,0.029625449997290748,0.034169976665483166,9.110830266143333e-05,34,30,11141,1.0072652999078855,1.025099299964495,1.0150375999510288,1.0,1000,48.22434200666612
A_variar_N,B+,ordenado,1000,1000,18,0.0005660820440144685,0.0005211939864674609,5.2464099513867596e-05,1771,1929,19334,1.0025312999496236,1.005383199895732,1.014340900001116,1.0,3,48.27860508999826
A_variar_N,Lista,ordenado,1000,1000,18,2.7188628827663464e-05,0.016268600000661205,4.973176856763167e-05,41016,66,20429,1.1151687999954447,1.0737276000436395,1.0159703000681475,1.0,,48.33254312166634
A_variar_N,ABB,aleatorio,10000,1000,18,0.012736035000125412,0.0013673827913400483,0.0010264174002980549,80,738,977,1.018882800010033,1.0091285000089556,1.0028098000911996,1.0,28,48.38544989999888
A_variar_N,B+,aleatorio,10000,1000,18,0.00746444130461474,0.0006003852695237822,0.0004961410546656964,138,1670,2029,1.0300929000368342,1.0026434001047164,1.006670199916698,1.0,3,48.4397472033316
A_variar_N,Lista,aleatorio,10000,1000,18,0.00021890870407251722,0.17908414286960447,0.0014680210526144862,4653,7,684,1.0185822000494227,1.2535890000872314,1.0041263999883085,1.0,,48.4974536099995
A_variar_N,ABB,ordenado,10000,1000,18,2.7652210000669584,0.33424487500451505,0.0009240887659939751,1,4,1086,2.7652210000669584,1.3369795000180602,1.0035603998694569,1.0,10000,48.58880290666517
A_variar_N,B+,ordenado,10000,1000,18,0.006339849685260194,0.0006964102920769132,0.0005154112245227039,159,1438,1960,1.008036099956371,1.0014380000066012,1.0102060000644997,1.0,4,48.64230637499907
A_variar_N,Lista,ordenado,10000,1000,18,0.00023001713430095144,0.15868517142787045,0.0004960072883786343,4348,7,2209,1.000114499940537,1.110796199995093,1.095680100028403,1.0,,48.69856711499936
A_variar_N,ABB,ordenado,300,1000,18,0.0025518110293584564,0.009865846602445088,2.8548771323720984e-05,408,103,35404,1.0411388999782503,1.0161822000518441,1.0107406999450177,1.0,300,48.75030795499915
A_variar_N,Lista,ordenado,300,1000,18,7.167335518186332e-06,0.004776289524133539,1.4364780259309776e-05,140988,210,70310,1.0105083000380546,1.0030208000680432,1.0099877000320703,1.0,,48.80125127833259
A_variar_N,B+,ordenado,300,1000,18,0.0001501400029875519,0.00041012216302337693,1.5767012422351942e-05,6672,2441,64400,1.0017340999329463,1.001108199940063,1.015395599999465,1.0,2,48.85564072499983
A_variar_N,B+,ordenado,100,1000,18,4.880522850869966e-05,0.0004080247251096878,5.813290900008749e-06,20962,2455,172035,1.0230551999993622,1.0017007001442835,1.0000894999830052,1.0,2,48.910042561666344
A_variar_N,ABB,ordenado,100,1000,18,0.00030328130947423874,0.0032195744478534494,9.862330967116872e-06,3574,317,101460,1.0839274000609294,1.0206050999695435,1.0006320999236777,1.0,100,48.962489638332045
A_variar_N,Lista,ordenado,100,1000,18,2.6146751417254148e-06,0.0017382499999429627,5.231245117955961e-06,395049,592,199708,1.0329248000634834,1.029043999966234,1.044721500016749,1.0,,49.01537899999918
A_variar_N,B+,aleatorio,100,1000,18,5.4562655718157374e-05,0.00040337788959439246,5.4669247407304605e-06,18865,2483,189093,1.0293245001230389,1.0015872998628765,1.033757199998945,1.0,2,49.070300148332414
A_variar_N,ABB,aleatorio,100,1000,18,5.5224838742420825e-05,0.0005778710252963745,9.407491056190343e-06,18294,1736,113482,1.0102831999538466,1.003184099914506,1.0675809000385925,1.0,13,49.12441016499846
A_variar_N,Lista,aleatorio,100,1000,18,2.505622528511954e-06,0.0017968380950617964,6.466997739166165e-06,414511,567,157468,1.0386080999160185,1.0188071999000385,1.0183451999910176,1.0,,49.176747918332694
A_variar_N,Lista,ordenado,100000,1000,18,0.0022755084091014314,1.6214194999774918,0.005910375621748986,440,1,201,1.0012237000046298,1.6214194999774918,1.1879854999715462,1.0,,49.2429928166656
A_variar_N,B+,ordenado,100000,1000,18,0.07546636666326473,0.0009057488288260527,0.005248389062520194,15,1110,192,1.131995499948971,1.0053811999969184,1.0076907000038773,1.0,4,49.29992831166601
A_variar_N,Lista,ordenado,100000,1000,19,0.0022731873965418075,1.6075917000416666,0.0059213817734363045,484,1,203,1.1002226999262348,1.6075917000416666,1.2020405000075698,1.0,,49.36775929166664
A_variar_N,B+,ordenado,100000,1000,19,0.07647742666304111,0.0009207340053604501,0.00546486195589355,15,1091,184,1.1471613999456167,1.004520799848251,1.0055345998844132,1.0,4,49.424796269998964
A_variar_N,Lista,aleatorio,3000,1000,19,6.916622870503502e-05,0.052516230003675446,0.00037972905054427377,14613,20,2654,1.0107261000666767,1.050324600073509,1.0078009001445025,1.0,,49.47730120499812
A_variar_N,B+,aleatorio,3000,1000,19,0.0020634839757540193,0.0005500350547903268,0.00014925183143625907,493,1820,6716,1.0172976000467315,1.0010637997183949,1.002375299925916,1.0,3,49.531529276666696
A_variar_N,ABB,aleatorio,3000,1000,19,0.003161202395379454,0.001144331513185677,0.00030697653717944,334,879,3269,1.0558416000567377,1.0058674000902101,1.0035063000395894,1.0,26,49.58454329999901
A_variar_N,ABB,aleatorio,1000,1000,19,0.0008612103000757589,0.0009238764488591496,9.688481413825936e-05,1233,1087,10411,1.0618722999934107,1.0042536999098957,1.0086677999934182,1.0,23,49.63808045166661
A_variar_N,B+,aleatorio,1000,1000,19,0.000612910214130872,0.0005167196291853424,4.924871145206376e-05,1635,1941,20527,1.0021082001039758,1.0029528002487496,1.0109282999765128,1.0,3,49.69215939166607
A_variar_N,Lista,aleatorio,1000,1000,19,2.2314372308831097e-05,0.017755363934261144,8.279237095419754e-05,45532,61,12282,1.0160179999656975,1.0830771999899298,1.0168559000594541,1.0,,49.744664426665985
A_variar_N,Lista,ordenado,10000,1000,19,0.0002278603182110766,0.15583661429783596,0.0004931748403048632,4400,7,2035,1.002585400128737,1.0908563000848517,1.0036108000203967,1.0,,49.79933644333311
A_variar_N,ABB,ordenado,10000,1000,19,2.773881100001745,0.32646432501496747,0.0009258156192580207,1,4,1082,2.773881100001745,1.3058573000598699,1.0017325000371784,1.0,10000,49.88972732333156
A_variar_N,B+,ordenado,10000,1000,19,0.006319947205252529,0.0006937277125183083,0.0005050597208434138,161,1447,2006,1.0175115000456572,1.0038240000139922,1.0131498000118881,1.0,4,49.94343950999901
A_variar_N,Lista,aleatorio,30000,1000,19,0.0006442049422435252,0.5427162499981932,0.005282010000174571,1558,2,190,1.0036713000154123,1.0854324999963865,1.0035819000331685,1.0,,50.005556418331494
A_variar_N,B+,aleatorio,30000,1000,19,0.024951816279289506,0.0007503185819994325,0.0014977935819761522,43,1340,670,1.0729281000094488,1.0054268998792395,1.003521699924022,1.0,4,50.06052177999906
A_variar_N,ABB,aleatorio,30000,1000,19,0.04915994545444846,0.0017636726962389749,0.003130252648223296,22,586,321,1.0815187999978662,1.0335121999960393,1.004811100079678,1.0,35,50.115243793333256
A_variar_N,ABB,ordenado,1000,1000,19,0.02796516388641774,0.032235063637155247,9.385073357672071e-05,36,33,10701,1.0067458999110386,1.0637571000261232,1.0042967000044882,1.0,1000,50.167875235000004
A_variar_N,B+,ordenado,1000,1000,19,0.0005657028829612558,0.0005162292179975413,5.353746254426469e-05,1769,1944,18688,1.0007283999584615,1.0035495997872204,1.0005081000272185,1.0,3,50.221891139998725
A_variar_N,Lista,ordenado,1000,1000,19,2.2812917653017323e-05,0.015969452239684205,4.877463573416827e-05,44056,67,20521,1.0050459001213312,1.0699533000588417,1.000904299900867,1.0,,50.2737229199983
A_variar_N,ABB,ordenado,300,1000,19,0.002584730612342151,0.009684460575674446,2.807916818334536e-05,392,104,35705,1.0132144000381231,1.0071838998701423,1.002566699986346,1.0,300,50.324678853332685
A_variar_N,Lista,ordenado,300,1000,19,7.165530660036928e-06,0.004918580882789969,1.4221790639583197e-05,140052,204,70902,1.0035468999994919,1.0033905000891536,1.0083533999277279,1.0,,50.37547914499883
A_variar_N,B+,ordenado,300,1000,19,0.00014967795369605504,0.00040633313062118134,1.627057855555051e-05,6695,2466,63814,1.0020938999950886,1.0020175001118332,1.0382906999439,1.0,2,50.43021749833327
A_variar_N,ABB,aleatorio,300,1000,19,0.00019131484450344148,0.000664690927145941,2.821000779881757e-05,5241,1510,35902,1.0026811000425369,1.0036832999903709,1.0127956999931484,1.0,16,50.48337719833168
A_variar_N,Lista,aleatorio,300,1000,19,7.12419319504432e-06,0.005325587301899398,2.190969221198766e-05,141453,189,47760,1.007738500018604,1.0065360000589862,1.0464069000445306,1.0,,50.53493105333182
A_variar_N,B+,aleatorio,300,1000,19,0.00016783065644320334,0.0004149677311288512,1.5368057924521153e-05,6002,2411,66846,1.0073195999721065,1.0004871997516602,1.027293200022541,1.0,2,50.589633569998355
A_variar_N,Lista,aleatorio,100000,1000,19,0.002248287719180154,2.2017891000723466,0.02146338723213511,456,1,47,1.0252191999461502,2.2017891000723466,1.0087791999103501,1.0,,50.663996203332985
A_variar_N,B+,aleatorio,100000,1000,19,0.10112360000229356,0.0009080782293341212,0.007140682978846185,11,1107,141,1.1123596000252292,1.0052425998728722,1.0068363000173122,1.0,4,50.72186992166486
A_variar_N,ABB,aleatorio,100000,1000,19,0.25978115999605506,0.00289564845947867,0.01774568070061178,5,357,57,1.2989057999802753,1.0337465000338852,1.0115037999348715,1.0,43,50.78542124333326
A_variar_N,Lista,ordenado,3000,1000,19,7.121567404744135e-05,0.04612833478123597,0.00014813957931996693,14272,23,6751,1.0163901000050828,1.0609516999684274,1.0000902999890968,1.0,,50.83803359999826
A_variar_N,B+,ordenado,3000,1000,19,0.001817720598692048,0.0005483274371159209,0.00015837782849194987,568,1826,6355,1.0324653000570834,1.0012459001736715,1.0064911000663415,1.0,3,50.89272113333185
A_variar_N,ABB,ordenado,3000,1000,19,0.2544236599933356,0.09922500909306109,0.00028748983928552014,5,11,3484,1.272118299966678,1.091475100023672,1.0016146000707522,1.0,3000,50.955200906666384
A_variar_N,Lista,aleatorio,10000,1000,19,0.00022745075981293433,0.17569949999839687,0.0014739899270671563,4409,6,685,1.0028304000152275,1.0541969999903813,1.009683100041002,1.0,,51.00979666999968
A_variar_N,ABB,aleatorio,10000,1000,19,0.013093173256154757,0.001395414482705809,0.0010519355646808044,86,725,956,1.126012900029309,1.0116754999617115,1.005650399834849,1.0,32,51.06410194999965
A_variar_N,B+,aleatorio,10000,1000,19,0.007699909629472704,0.0006017041440868566,0.0005085932998155579,135,1665,1985,1.039487799978815,1.0018373999046162,1.0095577001338825,1.0,3,51.118590991666615
A_variar_N,ABB,aleatorio,100,1000,19,5.6425092570643875e-05,0.0005927275943697237,9.379756698489792e-06,18093,1696,108179,1.0208991998806596,1.0052660000510514,1.0146926998859271,1.0,13,51.17201431333282
A_variar_N,Lista,aleatorio,100,1000,19,2.613888755480261e-06,0.0017917010675472774,6.420281425926874e-06,395615,562,159900,1.0340935999993235,1.00693599996157,1.0266030000057071,1.0,,51.22413328499921
A_variar_N,B+,aleatorio,100,1000,19,5.109492952188054e-05,0.0003964251977143974,5.386083870668151e-06,19722,2528,190484,1.007694200030528,1.0021628998219967,1.025962800020352,1.0,2,51.27855950333178
A_variar_N,ABB,ordenado,100,1000,19,0.00028527780621502845,0.003264137380458891,9.97279745355579e-06,3519,313,100520,1.0038926000706851,1.0216750000836328,1.002465600031428,1.0,100,51.32974826999901
A_variar_N,Lista,ordenado,100,1000,19,2.50727757624821e-06,0.0016311879477581973,5.008319592294576e-06,404599,614,202558,1.0144420000724494,1.0015493999235332,1.0144751999760047,1.0,,51.38136725666506
A_variar_N,B+,ordenado,100,1000,19,4.802785663038777e-05,0.0004027303457230186,5.706879003728788e-06,20925,2488,177831,1.004982899990864,1.0019931001588702,1.014860000112094,1.0,2,51.43549780999892
A_variar_N,Lista,ordenado,30000,1000,19,0.000639663572859514,0.4760594666780283,0.0014949320970281171,1573,3,701,1.0061908001080155,1.428178400034085,1.0479474000167102,1.0,,51.502148576664815
A_variar_N,B+,ordenado,30000,1000,19,0.021252913998905568,0.0007563428033021165,0.0014792899709454802,50,1327,688,1.0626456999452785,1.0036668999819085,1.0177515000104904,1.0,4,51.55686274166607
A_variar_N,ABB,ordenado,30000,1000,19,25.050904900068417,0.9876640500151552,0.002733552043658633,1,2,367,25.050904900068417,1.9753281000303105,1.0032136000227183,1.0,30000,52.04079656499865
A_variar_N,Lista,ordenado,300,1000,20,7.18473896403874e-06,0.004770329383740387,1.4228245052910167e-05,142107,211,70646,1.0210016999626532,1.0065394999692217,1.0051686000078917,1.0,,52.09194092999872
A_variar_N,ABB,ordenado,300,1000,20,0.0024995910194792865,0.009497331131363885,2.8260461345479553e-05,412,106,35765,1.029831500025466,1.0067170999245718,1.0107354000210762,1.0,300,52.14322864333323
A_variar_N,B+,ordenado,300,1000,20,0.00014940403142414753,0.00041369590748512654,1.648463822795816e-05,6747,2419,60950,1.0080290000187233,1.0007304002065212,1.00473869999405,1.0,2,52.19749743166612
A_variar_N,Lista,ordenado,3000,1000,20,6.592590085222423e-05,0.04831964782256957,0.00015062596997748864,15513,23,7062,1.0227084999205545,1.1113518999191,1.0637205999810249,1.0,,52.251816431665794
A_variar_N,ABB,ordenado,3000,1000,20,0.2475701600080356,0.09961163635704327,0.00028441128119838986,5,11,3528,1.237850800040178,1.095727999927476,1.0034030000679195,1.0,3000,52.31356134166514
A_variar_N,B+,ordenado,3000,1000,20,0.001839747058921585,0.0005488175986357147,0.00015940234856579307,561,1824,6472,1.0320981000550091,1.0010432999115437,1.0316519999178126,1.0,3,52.368616426666264
A_variar_N,ABB,aleatorio,1000,1000,20,0.000854704983675475,0.000919785361212132,9.707309756780038e-05,1224,1093,10434,1.0461589000187814,1.0053253998048604,1.0128607000224292,1.0,22,52.422029919999964
A_variar_N,B+,aleatorio,1000,1000,20,0.0006168302340121032,0.0005185500258406581,4.9659481742333376e-05,1624,1935,20376,1.0017323000356555,1.0033943000016734,1.0118615999817848,1.0,3,52.47615445833265
A_variar_N,Lista,aleatorio,1000,1000,20,2.3209406639952946e-05,0.017921383050665006,8.709885147663966e-05,43161,59,11493,1.0017411999870092,1.0573615999892354,1.0010271000210196,1.0,,52.5277162699999
A_variar_N,ABB,ordenado,100,1000,20,0.00028516789070478224,0.0032670355344091616,9.824965477381366e-06,3513,318,104276,1.0017948000459,1.0389172999421135,1.0245081001194194,1.0,100,52.57956019333214
A_variar_N,Lista,ordenado,100,1000,20,2.4967252075376116e-06,0.001706063833553344,5.0000220205617195e-06,415324,600,208899,1.036949900095351,1.0236383001320064,1.0444996000733227,1.0,,52.632432284999716
A_variar_N,B+,ordenado,100,1000,20,4.7324155539127615e-05,0.00039606570524315513,5.567586904650592e-06,21345,2531,182815,1.010134099982679,1.0024422999704257,1.017838399973698,1.0,2,52.68689130833179
A_variar_N,B+,ordenado,100000,1000,20,0.07869907856885609,0.0011804768234929617,0.006192486500367522,14,850,200,1.1017870999639854,1.0034052999690175,1.2384973000735044,1.0,4,52.74890571333235
A_variar_N,Lista,ordenado,100000,1000,20,0.002399063397323686,1.5813446999527514,0.005892332642667304,418,1,193,1.0028085000813007,1.5813446999527514,1.1372202000347897,1.0,,52.811421794999234
A_variar_N,Lista,aleatorio,30000,1000,20,0.0006129990344334284,0.5349969333037734,0.005219345876332564,1657,3,194,1.0157394000561908,1.6049907999113202,1.0125531000085175,1.0,,52.8819609266667
A_variar_N,B+,aleatorio,30000,1000,20,0.024840737208399143,0.0007639219178187361,0.001516051656539911,43,1314,664,1.068151699961163,1.0037934000138193,1.006658299942501,1.0,4,52.93675598166495
A_variar_N,ABB,aleatorio,30000,1000,20,0.048265730435757534,0.0018251484740254614,0.003561773851625753,23,557,283,1.1101118000224233,1.016607700032182,1.007982000010088,1.0,36,52.99168000833209
A_variar_N,Lista,aleatorio,300,1000,20,7.361320574605977e-06,0.005259212886568965,2.140514602254748e-05,135956,194,47493,1.0008157000411302,1.0202872999943793,1.0165946000488475,1.0,,53.04299068499822
A_variar_N,ABB,aleatorio,300,1000,20,0.0002008088376794854,0.0007152694285780724,2.7730236659156577e-05,4990,1400,36846,1.0020361000206321,1.0013772000093013,1.0217482999432832,1.0,15,53.09582387333309
A_variar_N,B+,aleatorio,300,1000,20,0.00016543088137687257,0.00041839737280833535,1.5410624625225617e-05,6104,2398,66600,1.0097900999244303,1.0033168999943882,1.026347600040026,1.0,2,53.150496923331715
A_variar_N,Lista,aleatorio,3000,1000,20,6.686649657015906e-05,0.05148853809528407,0.00037249502966329675,15482,21,2696,1.0352270998992026,1.0812593000009656,1.004246599972248,1.0,,53.203651563332336
A_variar_N,ABB,aleatorio,3000,1000,20,0.00308970113320503,0.0010976337337933529,0.00030317915173185147,353,916,3348,1.0906645000213757,1.0054325001547113,1.0150437999982387,1.0,25,53.25761476833335
A_variar_N,B+,aleatorio,3000,1000,20,0.002124179830139942,0.0005569307222160407,0.00015659972136168403,471,1800,6460,1.0004886999959126,1.0024752999888733,1.0116341999964789,1.0,3,53.31168170333258
A_variar_N,ABB,aleatorio,100,1000,20,5.19412298782606e-05,0.0005286018401834835,9.251538580412607e-06,19384,1902,110459,1.0068287999602035,1.0054007000289857,1.0219157000537962,1.0,13,53.36535547999859
A_variar_N,Lista,aleatorio,100,1000,20,2.542024738672584e-06,0.0017873203510565586,6.552608029252381e-06,397592,570,152644,1.01068869989831,1.0187726001022384,1.0002163000172004,1.0,,53.416918303332444
A_variar_N,B+,aleatorio,100,1000,20,5.048675326213361e-05,0.00039734409669290184,5.312181290186252e-06,20171,2524,197672,1.018368300050497,1.0028965000528842,1.0500694999936968,1.0,2,53.471908056666145
A_variar_N,ABB,ordenado,1000,1000,20,0.02823576111243003,0.032193754545666954,9.438604322707073e-05,36,33,10597,1.016487400047481,1.0623939000070095,1.0002089000772685,1.0,1000,53.52464586666513
A_variar_N,B+,ordenado,1000,1000,20,0.0005559637826592085,0.0005294519556458867,5.2827971672510174e-05,1803,1892,19770,1.002402700134553,1.0017231000820175,1.0444089999655262,1.0,3,53.579393936666506
A_variar_N,Lista,ordenado,1000,1000,20,2.229931273874352e-05,0.015618049276425787,4.882494532086485e-05,45252,69,20573,1.0090885000536218,1.0776454000733793,1.0044756000861526,1.0,,53.63145323833257
A_variar_N,ABB,aleatorio,10000,1000,20,0.013266536363327948,0.0014515727668160557,0.0010228925510499703,77,694,980,1.021523299976252,1.0073915001703426,1.0024347000289708,1.0,35,53.684307026665195
A_variar_N,Lista,aleatorio,10000,1000,20,0.00022151831201630255,0.17614159999149187,0.0014721307582428443,4538,7,699,1.005250099929981,1.232991199940443,1.029019400011748,1.0,,53.74183712333324
A_variar_N,B+,aleatorio,10000,1000,20,0.007360799295473582,0.000607215827983268,0.0005463741761609622,142,1649,1851,1.0452334999572486,1.001298900344409,1.011338600073941,1.0,3,53.796375051666594
A_variar_N,Lista,ordenado,30000,1000,20,0.000647010435362164,0.4810835999669507,0.0015346995542063911,1562,3,673,1.0106303000357002,1.4432507999008521,1.0328527999809012,1.0,,53.86327044833258
A_variar_N,B+,ordenado,30000,1000,20,0.02124110599979758,0.0007878851195590523,0.0015599661017373456,50,1297,649,1.0620552999898791,1.0218870000680909,1.0124180000275373,1.0,4,53.91827662499854
A_variar_N,ABB,ordenado,30000,1000,20,25.206544899963774,1.010046700015664,0.002815866666799796,1,2,363,25.206544899963774,2.020093400031328,1.022159600048326,1.0,30000,54.40591882333198
A_variar_N,ABB,ordenado,10000,1000,20,2.7723603999475017,0.33326370001304895,0.000941800556498958,1,4,1078,2.7723603999475017,1.3330548000521958,1.0152609999058768,1.0,10000,54.4971704266655
A_variar_N,Lista,ordenado,10000,1000,20,0.0002151713186552934,0.15473925714780176,0.0004964881134313816,4679,7,2221,1.0067865999881178,1.0831748000346124,1.1027000999310985,1.0,,54.55324481499847
A_variar_N,B+,ordenado,10000,1000,20,0.006367481595042385,0.0007007800561895345,0.0005048026606495712,163,1429,1992,1.0378994999919087,1.0014147002948448,1.005566900013946,1.0,4,54.607077659998325
A_variar_N,B+,aleatorio,100000,1000,20,0.10139957272489979,0.0009188790486534173,0.006423857051861257,11,1093,156,1.1153952999738976,1.004334800178185,1.0021217000903562,1.0,4,54.66730337666619
A_variar_N,Lista,aleatorio,100000,1000,20,0.0023129944572349965,2.243372799945064,0.0218696456513894,433,1,46,1.0015265999827534,2.243372799945064,1.0060036999639124,1.0,,54.73919589166568
A_variar_N,ABB,aleatorio,100000,1000,20,0.2646843199850991,0.0027927035615741185,0.019061953702475876,5,365,54,1.3234215999254957,1.0193367999745533,1.0293454999336973,1.0,42,54.80360923166542
B_variar_M,ABB,aleatorio,10000,1000,1,,0.0014592281567049044,,,689,,,1.0054081999696791,,1.0,30,54.82277121666508
B_variar_M,B+,aleatorio,10000,1000,1,,0.0006001476334310832,,,1669,,,1.0016464001964778,,1.0,3,54.84301109833177
B_variar_M,Lista,aleatorio,10000,1000,1,,0.18221248333187154,,,6,,,1.0932748999912292,,1.0,,54.86433119999904
B_variar_M,Lista,aleatorio,10000,10000,1,,1.7955236000707373,,,1,,,1.7955236000707373,,1.0,,54.89430279999894
B_variar_M,B+,aleatorio,10000,10000,1,,0.006264936873776605,,,160,,,1.0023898998042569,,1.0,3,54.914500076665234
B_variar_M,ABB,aleatorio,10000,10000,1,,0.014920051469851066,,,68,,,1.0145634999498725,,1.0,30,54.93350268833262
B_variar_M,B+,aleatorio,10000,100,1,,6.169151715949434e-05,,,16221,,,1.0006980998441577,,1.0,3,54.95399860166557
B_variar_M,ABB,aleatorio,10000,100,1,,0.00015061662151489167,,,6642,,,1.0003956001019105,,1.0,30,54.972558123333144
B_variar_M,Lista,aleatorio,10000,100,1,,0.01829368360607778,,,61,,,1.1159146999707446,,1.0,,54.99148837166528
B_variar_M,Lista,aleatorio,10000,300,1,,0.0542117000042804,,,19,,,1.0300223000813276,,1.0,,55.009655934999074
B_variar_M,ABB,aleatorio,10000,300,1,,0.0004399653204861469,,,2278,,,1.0022410000674427,,1.0,30,55.0281300133327
B_variar_M,B+,aleatorio,10000,300,1,,0.00018039344850766,,,5556,,,1.002265999908559,,1.0,3,55.048433504998684
B_variar_M,Lista,aleatorio,10000,3000,1,,0.5527972500422038,,,2,,,1.1055945000844076,,1.0,,55.076265668331565
B_variar_M,ABB,aleatorio,10000,3000,1,,0.004331586695108323,,,233,,,1.0092596999602392,,1.0,30,55.09494891499829
B_variar_M,B+,aleatorio,10000,3000,1,,0.0019419126212596894,,,515,,,1.00008499994874,,1.0,3,55.11493031833282
B_variar_M,ABB,aleatorio,10000,1000,2,,0.0014270670887517694,,,711,,,1.014644700102508,,1.0,34,55.13404711166513
B_variar_M,Lista,aleatorio,10000,1000,2,,0.17714361666003242,,,6,,,1.0628616999601945,,1.0,,55.15475410833218
B_variar_M,B+,aleatorio,10000,1000,2,,0.0006023784124242591,,,1663,,,1.0017552998615429,,1.0,3,55.174909798333346
B_variar_M,B+,aleatorio,10000,300,2,,0.0001806399675387683,,,5547,,,1.0020098999375477,,1.0,3,55.19511870499894
B_variar_M,ABB,aleatorio,10000,300,2,,0.00042006070094247587,,,2397,,,1.0068855001591146,,1.0,34,55.21367398833196
B_variar_M,Lista,aleatorio,10000,300,2,,0.052835929999127985,,,20,,,1.0567185999825597,,1.0,,55.23223438666513
B_variar_M,ABB,aleatorio,10000,100,2,,0.00014111761427084723,,,7176,,,1.0126600000075996,,1.0,34,55.251094764998804
B_variar_M,B+,aleatorio,10000,100,2,,6.0654970932076125e-05,,,16516,,,1.0017774999141693,,1.0,3,55.27161174166637
B_variar_M,Lista,aleatorio,10000,100,2,,0.017571744828179865,,,58,,,1.0191612000344321,,1.0,,55.28897541833188
B_variar_M,B+,aleatorio,10000,10000,2,,0.006076862425261149,,,165,,,1.0026823001680896,,1.0,3,55.30920441333243
B_variar_M,Lista,aleatorio,10000,10000,2,,1.7573019999545068,,,1,,,1.7573019999545068,,1.0,,55.33853130833207
B_variar_M,ABB,aleatorio,10000,10000,2,,0.014015750002322925,,,72,,,1.0091340001672506,,1.0,34,55.357423798332455
B_variar_M,ABB,aleatorio,10000,3000,2,,0.004191518672336187,,,241,,,1.010156000033021,,1.0,34,55.376073744999786
B_variar_M,B+,aleatorio,10000,3000,2,,0.0017926662499251377,,,560,,,1.003893099958077,,1.0,3,55.39634431166535
B_variar_M,Lista,aleatorio,10000,3000,2,,0.5317367333142707,,,3,,,1.5952101999428123,,1.0,,55.43173096666578
B_variar_M,ABB,aleatorio,10000,1000,3,,0.0013553803213753573,,,747,,,1.012469100067392,,1.0,32,55.450805028332006
B_variar_M,Lista,aleatorio,10000,1000,3,,0.18556203334204233,,,6,,,1.113372200052254,,1.0,,55.47251038499914
B_variar_M,B+,aleatorio,10000,1000,3,,0.0006079592593025549,,,1647,,,1.001308900071308,,1.0,3,55.4926060266657
B_variar_M,Lista,aleatorio,10000,10000,3,,1.787958599976264,,,1,,,1.787958599976264,,1.0,,55.52244862333173
B_variar_M,ABB,aleatorio,10000,10000,3,,0.013403396051695668,,,76,,,1.0186580999288708,,1.0,32,55.54147321499962
B_variar_M,B+,aleatorio,10000,10000,3,,0.00595299822427112,,,169,,,1.0060566999018192,,1.0,3,55.56177540333204
B_variar_M,ABB,aleatorio,10000,3000,3,,0.004022115139305532,,,251,,,1.0095508999656886,,1.0,32,55.580457478332875
B_variar_M,Lista,aleatorio,10000,3000,3,,0.5336220500175841,,,2,,,1.0672441000351682,,1.0,,55.60767003833316
B_variar_M,B+,aleatorio,10000,3000,3,,0.0018181903807517352,,,551,,,1.001822899794206,,1.0,3,55.62783308166545
B_variar_M,Lista,aleatorio,10000,300,3,,0.05333281999919563,,,20,,,1.0666563999839127,,1.0,,55.646557013331524
B_variar_M,B+,aleatorio,10000,300,3,,0.00018071588819529072,,,5545,,,1.002069600042887,,1.0,3,55.666794818333194
B_variar_M,ABB,aleatorio,10000,300,3,,0.00040247339710047266,,,2511,,,1.0106107001192868,,1.0,32,55.68546181499842
B_variar_M,ABB,aleatorio,10000,100,3,,0.000134299746759218,,,7503,,,1.0076509999344125,,1.0,32,55.70426126999858
B_variar_M,B+,aleatorio,10000,100,3,,6.0156267267720174e-05,,,16658,,,1.0020831001456827,,1.0,3,55.72491956999875
B_variar_M,Lista,aleatorio,10000,100,3,,0.018418248214792193,,,56,,,1.0314219000283629,,1.0,,55.74247517333327
B_variar_M,B+,aleatorio,10000,10000,4,,0.006041103012506367,,,166,,,1.002823100076057,,1.0,3,55.76302833166555
B_variar_M,Lista,aleatorio,10000,10000,4,,1.80202379997354,,,1,,,1.80202379997354,,1.0,,55.79310004833193
B_variar_M,ABB,aleatorio,10000,10000,4,,0.014682507247029655,,,69,,,1.0130930000450462,,1.0,30,55.8119185966653
B_variar_M,Lista,aleatorio,10000,300,4,,0.054337575001409275,,,20,,,1.0867515000281855,,1.0,,55.831005056666136
B_variar_M,ABB,aleatorio,10000,300,4,,0.00044701749556714447,,,2252,,,1.0066834000172094,,1.0,30,55.849507884999426
B_variar_M,B+,aleatorio,10000,300,4,,0.00018145535230633899,,,5521,,,1.0018150000832975,,1.0,3,55.8697564333328
B_variar_M,ABB,aleatorio,10000,3000,4,,0.004461222124776383,,,226,,,1.0082362001994625,,1.0,30,55.88830273666535
B_variar_M,Lista,aleatorio,10000,3000,4,,0.5289068499696441,,,2,,,1.0578136999392882,,1.0,,55.91496596499928
B_variar_M,B+,aleatorio,10000,3000,4,,0.001822793272704902,,,550,,,1.0025362999876961,,1.0,3,55.935111894999864
B_variar_M,Lista,aleatorio,10000,1000,4,,0.17968845000723377,,,6,,,1.0781307000434026,,1.0,,55.95619736999894
B_variar_M,B+,aleatorio,10000,1000,4,,0.0006036906625867922,,,1660,,,1.002126499894075,,1.0,3,55.97636884500001
B_variar_M,ABB,aleatorio,10000,1000,4,,0.001483505604627946,,,678,,,1.0058167999377474,,1.0,30,55.99486905166608
B_variar_M,B+,aleatorio,10000,100,4,,6.068486941740525e-05,,,16503,,,1.0014823999954388,,1.0,3,56.01546700166655
B_variar_M,ABB,aleatorio,10000,100,4,,0.0001492805943310947,,,6730,,,1.0046583998482674,,1.0,30,56.03406295666549
B_variar_M,Lista,aleatorio,10000,100,4,,0.017994699999690056,,,56,,,1.0077031999826431,,1.0,,56.051230604999
B_variar_M,ABB,aleatorio,10000,10000,5,,0.014333523942721667,,,71,,,1.0176801999332383,,1.0,32,56.070487951665804
B_variar_M,Lista,aleatorio,10000,10000,5,,1.8342064999742433,,,1,,,1.8342064999742433,,1.0,,56.10110238166526
B_variar_M,B+,aleatorio,10000,10000,5,,0.00598307023756206,,,168,,,1.0051557999104261,,1.0,3,56.12146569166604
B_variar_M,Lista,aleatorio,10000,3000,5,,0.5527627500123344,,,2,,,1.1055255000246689,,1.0,,56.14903177166513
B_variar_M,ABB,aleatorio,10000,3000,5,,0.00421884016739789,,,239,,,1.0083028000080958,,1.0,32,56.16761706499965
B_variar_M,B+,aleatorio,10000,3000,5,,0.0017767911502860685,,,565,,,1.0038869999116287,,1.0,3,56.18787103499829
B_variar_M,Lista,aleatorio,10000,1000,5,,0.18024312857804553,,,7,,,1.2617019000463188,,1.0,,56.21186580166492
B_variar_M,ABB,aleatorio,10000,1000,5,,0.0013979606648360139,,,722,,,1.009327600011602,,1.0,32,56.230456493333136
B_variar_M,B+,aleatorio,10000,1000,5,,0.0005984072576114628,,,1681,,,1.0059226000448689,,1.0,3,56.25072735999905
B_variar_M,ABB,aleatorio,10000,300,5,,0.0004242199747329711,,,2378,,,1.0087950999150053,,1.0,32,56.26926922833275
B_variar_M,B+,aleatorio,10000,300,5,,0.00018083191336391472,,,5540,,,1.0018088000360876,,1.0,3,56.28950418666548
B_variar_M,Lista,aleatorio,10000,300,5,,0.05391385262881063,,,19,,,1.0243631999474019,,1.0,,56.3075811499982
B_variar_M,Lista,aleatorio,10000,100,5,,0.017856985963717625,,,57,,,1.0178481999319047,,1.0,,56.324920761664785
B_variar_M,ABB,aleatorio,10000,100,5,,0.00014215708021016565,,,7069,,,1.004908400005661,,1.0,32,56.34357415999985
B_variar_M,B+,aleatorio,10000,100,5,,6.159725125225944e-05,,,16262,,,1.001694499864243,,1.0,3,56.36407326499854
B_variar_M,B+,aleatorio,10000,3000,6,,0.0018478721400423876,,,542,,,1.001546699902974,,1.0,3,56.38452272333282
B_variar_M,Lista,aleatorio,10000,3000,6,,0.5340632000006735,,,2,,,1.068126400001347,,1.0,,56.41135668166486
B_variar_M,ABB,aleatorio,10000,3000,6,,0.004193164729918991,,,241,,,1.0105526999104768,,1.0,29,56.429987418331436
B_variar_M,ABB,aleatorio,10000,300,6,,0.000411113766341598,,,2448,,,1.006406500004232,,1.0,29,56.44858385666545
B_variar_M,B+,aleatorio,10000,300,6,,0.0001821244456349953,,,5502,,,1.0020486998837441,,1.0,3,56.46877108666619
B_variar_M,Lista,aleatorio,10000,300,6,,0.05385056842044976,,,19,,,1.0231607999885455,,1.0,,56.486803621664876
B_variar_M,ABB,aleatorio,10000,1000,6,,0.0013774294678711347,,,733,,,1.0096557999495417,,1.0,29,56.50539809999949
B_variar_M,B+,aleatorio,10000,1000,6,,0.0006554636006794544,,,1533,,,1.0048256998416036,,1.0,3,56.52535440833308
B_variar_M,Lista,aleatorio,10000,1000,6,,0.17696293332846835,,,6,,,1.0617775999708101,,1.0,,56.546109256666384
B_variar_M,Lista,aleatorio,10000,100,6,,0.01769102333346382,,,60,,,1.061461400007829,,1.0,,56.564147633331594
B_variar_M,ABB,aleatorio,10000,100,6,,0.0001379061765602532,,,7318,,,1.009197400067933,,1.0,29,56.58288548666557
B_variar_M,B+,aleatorio,10000,100,6,,6.076248482126653e-05,,,16484,,,1.0016087997937575,,1.0,3,56.60335795999854
B_variar_M,Lista,aleatorio,10000,10000,6,,1.825409600045532,,,1,,,1.825409600045532,,1.0,,56.63381646999817
B_variar_M,B+,aleatorio,10000,10000,6,,0.006013013173625275,,,167,,,1.0041731999954209,,1.0,3,56.65405602499959
B_variar_M,ABB,aleatorio,10000,10000,6,,0.0138779452057836,,,73,,,1.0130900000222027,,1.0,29,56.67290666833287
B_variar_M,Lista,aleatorio,10000,3000,7,,0.5386690499726683,,,2,,,1.0773380999453366,,1.0,,56.69993131499893
B_variar_M,B+,aleatorio,10000,3000,7,,0.0018048267983228452,,,556,,,1.0034836998675019,,1.0,3,56.72012857666511
B_variar_M,ABB,aleatorio,10000,3000,7,,0.004249445832586692,,,240,,,1.019866999820806,,1.0,30,56.73894227499841
B_variar_M,B+,aleatorio,10000,10000,7,,0.006008459280194815,,,167,,,1.0034126997925341,,1.0,3,56.75925026666567
B_variar_M,ABB,aleatorio,10000,10000,7,,0.014234178873356169,,,71,,,1.010626700008288,,1.0,30,56.778075994999384
B_variar_M,Lista,aleatorio,10000,10000,7,,1.767656599986367,,,1,,,1.767656599986367,,1.0,,56.80757862999841
B_variar_M,Lista,aleatorio,10000,1000,7,,0.1814677666601104,,,6,,,1.0888065999606624,,1.0,,56.828755893333195
B_variar_M,ABB,aleatorio,10000,1000,7,,0.0014223990128119444,,,709,,,1.0084809000836685,,1.0,30,56.847311424999496
B_variar_M,B+,aleatorio,10000,1000,7,,0.0006000940752885054,,,1671,,,1.0027571998070925,,1.0,3,56.86747848166657
B_variar_M,ABB,aleatorio,10000,100,7,,0.00014185815461323665,,,7088,,,1.0054905998986214,,1.0,30,56.88617448499814
B_variar_M,B+,aleatorio,10000,100,7,,6.0149645864670607e-05,,,16660,,,1.0020931001054123,,1.0,3,56.90672491833296
B_variar_M,Lista,aleatorio,10000,100,7,,0.017965005263441094,,,57,,,1.0240053000161424,,1.0,,56.92414633333295
B_variar_M,Lista,aleatorio,10000,300,7,,0.052886185713023656,,,21,,,1.1106098999734968,,1.0,,56.94357410999946
B_variar_M,B+,aleatorio,10000,300,7,,0.00018062364294070237,,,5545,,,1.0015581001061946,,1.0,3,56.96379914333229
B_variar_M,ABB,aleatorio,10000,300,7,,0.00042548734713966386,,,2371,,,1.008830500068143,,1.0,30,56.98239343499881
B_variar_M,ABB,aleatorio,10000,300,8,,0.0004181499586706165,,,2420,,,1.011922899982892,,1.0,28,57.001405496666365
B_variar_M,Lista,aleatorio,10000,300,8,,0.054530690474036546,,,21,,,1.1451444999547675,,1.0,,57.02141095499974
B_variar_M,B+,aleatorio,10000,300,8,,0.00017879509716896603,,,5609,,,1.0028617000207305,,1.0,3,57.04170220833233
B_variar_M,ABB,aleatorio,10000,10000,8,,0.013809598648819971,,,74,,,1.021910300012678,,1.0,28,57.060715339998325
B_variar_M,B+,aleatorio,10000,10000,8,,0.005949350295053828,,,169,,,1.005440199864097,,1.0,3,57.08100631166599
B_variar_M,Lista,aleatorio,10000,10000,8,,1.7633326000068337,,,1,,,1.7633326000068337,,1.0,,57.110439489999166
B_variar_M,Lista,aleatorio,10000,100,8,,0.01823287258007293,,,62,,,1.1304380999645218,,1.0,,57.129613408331835
B_variar_M,B+,aleatorio,10000,100,8,,6.12218407819434e-05,,,16341,,,1.0004261002177373,,1.0,3,57.15019376333221
B_variar_M,ABB,aleatorio,10000,100,8,,0.0001382052472778913,,,7299,,,1.0087600998813286,,1.0,28,57.16895234833161
B_variar_M,B+,aleatorio,10000,3000,8,,0.0018109859207759372,,,554,,,1.0032862001098692,,1.0,3,57.189145484999365
B_variar_M,Lista,aleatorio,10000,3000,8,,0.5344416000298224,,,2,,,1.0688832000596449,,1.0,,57.2160140299995
B_variar_M,ABB,aleatorio,10000,3000,8,,0.004219148535024235,,,239,,,1.008376499870792,,1.0,28,57.234636846665914
B_variar_M,ABB,aleatorio,10000,1000,8,,0.001422810402147255,,,721,,,1.0258462999481708,,1.0,28,57.25353812999868
B_variar_M,B+,aleatorio,10000,1000,8,,0.0006315129998984048,,,1600,,,1.0104207998374477,,1.0,3,57.27385874666506
B_variar_M,Lista,aleatorio,10000,1000,8,,0.17877491666392112,,,6,,,1.0726494999835268,,1.0,,57.294976658333326
B_variar_M,B+,aleatorio,10000,10000,9,,0.005987838095669369,,,168,,,1.005956800072454,,1.0,3,57.31560023499963
B_variar_M,ABB,aleatorio,10000,10000,9,,0.01383902133287241,,,75,,,1.0379265999654308,,1.0,29,57.33492150833287
B_variar_M,Lista,aleatorio,10000,10000,9,,1.8202387999044731,,,1,,,1.8202387999044731,,1.0,,57.36530722166644
B_variar_M,ABB,aleatorio,10000,1000,9,,0.001512564350485104,,,662,,,1.0013176000211388,,1.0,29,57.383770986665816
B_variar_M,B+,aleatorio,10000,1000,9,,0.0006384134652026488,,,1567,,,1.0003938999725506,,1.0,3,57.40387772333148
B_variar_M,Lista,aleatorio,10000,1000,9,,0.18518011667765677,,,6,,,1.1110807000659406,,1.0,,57.4254788516652
B_variar_M,ABB,aleatorio,10000,300,9,,0.000406089903410653,,,2486,,,1.0095394998788834,,1.0,29,57.44413857666659
B_variar_M,B+,aleatorio,10000,300,9,,0.0001815254707083276,,,5524,,,1.0027467001928017,,1.0,3,57.464393904999206
B_variar_M,Lista,aleatorio,10000,300,9,,0.05430126315791552,,,19,,,1.0317240000003949,,1.0,,57.4825806399982
B_variar_M,B+,aleatorio,10000,3000,9,,0.0017992347667885003,,,558,,,1.0039729998679832,,1.0,3,57.50281255499964
B_variar_M,Lista,aleatorio,10000,3000,9,,0.5295867000240833,,,2,,,1.0591734000481665,,1.0,,57.52947287833279
B_variar_M,ABB,aleatorio,10000,3000,9,,0.004072850806199225,,,248,,,1.0100669999374077,,1.0,29,57.5481774266654
B_variar_M,Lista,aleatorio,10000,100,9,,0.018268279662213713,,,59,,,1.0778285000706092,,1.0,,57.566496801665444
B_variar_M,ABB,aleatorio,10000,100,9,,0.0001358857585533317,,,7422,,,1.008544099982828,,1.0,29,57.5853027316664
B_variar_M,B+,aleatorio,10000,100,9,,6.05586502950418e-05,,,16537,,,1.0014583999291062,,1.0,3,57.605805831666416
B_variar_M,B+,aleatorio,10000,10000,10,,0.006071473333533063,,,165,,,1.0017931000329554,,1.0,3,57.62629643999971
B_variar_M,Lista,aleatorio,10000,10000,10,,1.773890700074844,,,1,,,1.773890700074844,,1.0,,57.655901308332496
B_variar_M,ABB,aleatorio,10000,10000,10,,0.014306780282066951,,,71,,,1.0157814000267535,,1.0,32,57.67479557833285
B_variar_M,Lista,aleatorio,10000,100,10,,0.017948144641455395,,,56,,,1.0050960999215022,,1.0,,57.69196264666583
B_variar_M,B+,aleatorio,10000,100,10,,6.031027321920533e-05,,,16616,,,1.0021154998103157,,1.0,3,57.71255263666583
B_variar_M,ABB,aleatorio,10000,100,10,,0.00014493814879016481,,,6936,,,1.005291000008583,,1.0,32,57.73117324499957
B_variar_M,Lista,aleatorio,10000,3000,10,,0.5476562500116415,,,2,,,1.095312500023283,,1.0,,57.758625661665185
B_variar_M,ABB,aleatorio,10000,3000,10,,0.004341563089478905,,,233,,,1.0115841998485848,,1.0,32,57.7772681466653
B_variar_M,B+,aleatorio,10000,3000,10,,0.0018159781590218417,,,554,,,1.0060519000981003,,1.0,3,57.797501189998975
B_variar_M,B+,aleatorio,10000,300,10,,0.00018140329232937407,,,5528,,,1.0027973999967799,,1.0,3,57.81773837333312
B_variar_M,ABB,aleatorio,10000,300,10,,0.0004343754635403297,,,2319,,,1.0073166999500245,,1.0,32,57.83629122833178
B_variar_M,Lista,aleatorio,10000,300,10,,0.05386620000200836,,,19,,,1.023457800038159,,1.0,,57.85438823499911
B_variar_M,B+,aleatorio,10000,1000,10,,0.0006002695990095437,,,1671,,,1.0030504999449477,,1.0,3,57.874580721665794
B_variar_M,Lista,aleatorio,10000,1000,10,,0.17724696667088816,,,6,,,1.063481800025329,,1.0,,57.895429511665135
B_variar_M,ABB,aleatorio,10000,1000,10,,0.0014501010043375525,,,697,,,1.0107204000232741,,1.0,32,57.91400576999877
B_variar_M,B+,aleatorio,10000,100,11,,6.087129230212842e-05,,,16459,,,1.0018806000007316,,1.0,3,57.93488675499878
B_variar_M,ABB,aleatorio,10000,100,11,,0.00015814212020994934,,,6339,,,1.002462900010869,,1.0,34,57.953398798332394
B_variar_M,Lista,aleatorio,10000,100,11,,0.018416957143926993,,,56,,,1.0313496000599116,,1.0,,57.97095592999831
B_variar_M,ABB,aleatorio,10000,1000,11,,0.001563876635188997,,,642,,,1.004008799791336,,1.0,34,57.98934878833243
B_variar_M,Lista,aleatorio,10000,1000,11,,0.17806257142884924,,,7,,,1.2464380000019446,,1.0,,58.01308040666627
B_variar_M,B+,aleatorio,10000,1000,11,,0.0006102597196787905,,,1641,,,1.0014361999928951,,1.0,3,58.03318390666585
B_variar_M,B+,aleatorio,10000,10000,11,,0.006269102499936707,,,160,,,1.0030563999898732,,1.0,3,58.05335981833244
B_variar_M,ABB,aleatorio,10000,10000,11,,0.016510869355707038,,,62,,,1.0236739000538364,,1.0,34,58.07253354166557
B_variar_M,Lista,aleatorio,10000,10000,11,,2.081879899953492,,,1,,,2.081879899953492,,1.0,,58.10731183666503
B_variar_M,ABB,aleatorio,10000,300,11,,0.0006478595520284516,,,1607,,,1.0411103001097217,,1.0,34,58.12640928166608
B_variar_M,B+,aleatorio,10000,300,11,,0.00019295907860033718,,,5188,,,1.0010716997785494,,1.0,3,58.146910408333255
B_variar_M,Lista,aleatorio,10000,300,11,,0.05533744999556802,,,20,,,1.1067489999113604,,1.0,,58.16633511666635
B_variar_M,Lista,aleatorio,10000,3000,11,,0.5369026000262238,,,2,,,1.0738052000524476,,1.0,,58.19362050999965
B_variar_M,B+,aleatorio,10000,3000,11,,0.0019013277041607412,,,527,,,1.0019997000927106,,1.0,3,58.21364293833224
B_variar_M,ABB,aleatorio,10000,3000,11,,0.004690291628046611,,,215,,,1.0084127000300214,,1.0,34,58.232135944999754
B_variar_M,B+,aleatorio,10000,100,12,,6.209108119556734e-05,,,16112,,,1.000411500222981,,1.0,3,58.25299211999906
B_variar_M,Lista,aleatorio,10000,100,12,,0.01786354354830579,,,62,,,1.107539699994959,,1.0,,58.27177616833166
B_variar_M,ABB,aleatorio,10000,100,12,,0.00016670005001115926,,,6001,,,1.0003670001169667,,1.0,32,58.290931813331554
B_variar_M,ABB,aleatorio,10000,10000,12,,0.014736163234749041,,,68,,,1.0020590999629349,,1.0,32,58.30969049499836
B_variar_M,Lista,aleatorio,10000,10000,12,,1.8240070000756532,,,1,,,1.8240070000756532,,1.0,,58.34013349666493
B_variar_M,B+,aleatorio,10000,10000,12,,0.006068726506432047,,,166,,,1.0074086000677198,,1.0,3,58.36043829333309
B_variar_M,ABB,aleatorio,10000,1000,12,,0.001449741269925456,,,693,,,1.004670700058341,,1.0,32,58.378904501665
B_variar_M,Lista,aleatorio,10000,1000,12,,0.18397799999608347,,,6,,,1.1038679999765009,,1.0,,58.40032478166589
B_variar_M,B+,aleatorio,10000,1000,12,,0.0006074038810159371,,,1649,,,1.0016089997952804,,1.0,3,58.42061699166661
B_variar_M,ABB,aleatorio,10000,3000,12,,0.004316217168094391,,,233,,,1.005678600165993,,1.0,32,58.439161453332055
B_variar_M,Lista,aleatorio,10000,3000,12,,0.5460284999571741,,,2,,,1.0920569999143481,,1.0,,58.466519926664965
B_variar_M,B+,aleatorio,10000,3000,12,,0.0018242448091232142,,,549,,,1.0015104002086446,,1.0,3,58.48676627499905
B_variar_M,Lista,aleatorio,10000,300,12,,0.054573723807975295,,,21,,,1.1460481999674812,,1.0,,58.50676157666603
B_variar_M,ABB,aleatorio,10000,300,12,,0.00043130764629913034,,,2341,,,1.009691199986264,,1.0,32,58.52536011999861
B_variar_M,B+,aleatorio,10000,300,12,,0.0001829634222225473,,,5476,,,1.001907700090669,,1.0,3,58.545585369999756
B_variar_M,ABB,aleatorio,10000,100,13,,0.00014550565547757585,,,6949,,,1.0111187999136746,,1.0,30,58.56467386166526
B_variar_M,Lista,aleatorio,10000,100,13,,0.0179833017233438,,,58,,,1.0430314999539405,,1.0,,58.582413484998206
B_variar_M,B+,aleatorio,10000,100,13,,6.054822334797739e-05,,,16548,,,1.0019519999623299,,1.0,3,58.60300586499895
B_variar_M,Lista,aleatorio,10000,10000,13,,1.8031105000991374,,,1,,,1.8031105000991374,,1.0,,58.63309439999866
B_variar_M,B+,aleatorio,10000,10000,13,,0.006018375449473719,,,167,,,1.005068700062111,,1.0,3,58.6534564699997
B_variar_M,ABB,aleatorio,10000,10000,13,,0.014408781427690493,,,70,,,1.0086146999383345,,1.0,30,58.67220485833241
B_variar_M,B+,aleatorio,10000,300,13,,0.00018173414367404517,,,5512,,,1.001718599931337,,1.0,3,58.69249473833285
B_variar_M,Lista,aleatorio,10000,300,13,,0.05396218000096269,,,20,,,1.0792436000192538,,1.0,,58.711439990000024
B_variar_M,ABB,aleatorio,10000,300,13,,0.0004276522514770344,,,2354,,,1.006693399976939,,1.0,30,58.73000456166531
B_variar_M,ABB,aleatorio,10000,3000,13,,0.004302561276671576,,,235,,,1.0111019000178203,,1.0,30,58.74872327333239
B_variar_M,B+,aleatorio,10000,3000,13,,0.00180402100529301,,,557,,,1.0048396999482065,,1.0,3,58.76898790499933
B_variar_M,Lista,aleatorio,10000,3000,13,,0.5370845000143163,,,2,,,1.0741690000286326,,1.0,,58.79605357499871
B_variar_M,B+,aleatorio,10000,1000,13,,0.0006134683210927737,,,1632,,,1.0011803000234067,,1.0,3,58.81615929499967
B_variar_M,Lista,aleatorio,10000,1000,13,,0.18217018333962187,,,6,,,1.0930211000377312,,1.0,,58.8374799716655
B_variar_M,ABB,aleatorio,10000,1000,13,,0.0014367048502746923,,,701,,,1.0071301000425592,,1.0,30,58.85598937166505
B_variar_M,B+,aleatorio,10000,1000,14,,0.0006067260447861362,,,1651,,,1.0017046999419108,,1.0,3,58.87646434166624
B_variar_M,ABB,aleatorio,10000,1000,14,,0.0013720860433774852,,,738,,,1.012599500012584,,1.0,28,58.8951246649997
B_variar_M,Lista,aleatorio,10000,1000,14,,0.18932723333515847,,,6,,,1.1359634000109509,,1.0,,58.9171412749992
B_variar_M,B+,aleatorio,10000,100,14,,6.483804242346392e-05,,,15509,,,1.005573199945502,,1.0,3,58.937862018332815
B_variar_M,ABB,aleatorio,10000,100,14,,0.00015684240904810209,,,6376,,,1.000027200090699,,1.0,28,58.95640223499892
B_variar_M,Lista,aleatorio,10000,100,14,,0.018995480701784816,,,57,,,1.0827424000017345,,1.0,,58.97481301666509
B_variar_M,Lista,aleatorio,10000,300,14,,0.0558266842088319,,,19,,,1.060706999967806,,1.0,,58.99347662333166
B_variar_M,B+,aleatorio,10000,300,14,,0.00019804136633946753,,,5050,,,1.000108900014311,,1.0,3,59.01372537166656
B_variar_M,ABB,aleatorio,10000,300,14,,0.00041426321839889256,,,2436,,,1.0091452000197023,,1.0,28,59.03233145499835
B_variar_M,Lista,aleatorio,10000,3000,14,,0.5500319499988109,,,2,,,1.1000638999976218,,1.0,,59.05988802999879
B_variar_M,ABB,aleatorio,10000,3000,14,,0.004149771311709688,,,244,,,1.0125442000571638,,1.0,28,59.07863302999952
B_variar_M,B+,aleatorio,10000,3000,14,,0.0018218239562707648,,,551,,,1.0038249999051914,,1.0,3,59.098915069998476
B_variar_M,Lista,aleatorio,10000,10000,14,,1.8345995999407023,,,1,,,1.8345995999407023,,1.0,,59.12953966499966
B_variar_M,ABB,aleatorio,10000,10000,14,,0.013601560001261533,,,75,,,1.020117000094615,,1.0,28,59.14857532333311
B_variar_M,B+,aleatorio,10000,10000,14,,0.0060430042177764135,,,166,,,1.0031387001508847,,1.0,3,59.16895550166567
B_variar_M,ABB,aleatorio,10000,10000,15,,0.01384777296963777,,,74,,,1.024735199753195,,1.0,28,59.18841555833157
B_variar_M,B+,aleatorio,10000,10000,15,,0.006070671084123742,,,166,,,1.0077313999645412,,1.0,3,59.20884168999813
B_variar_M,Lista,aleatorio,10000,10000,15,,1.8113124000374228,,,1,,,1.8113124000374228,,1.0,,59.23907466666618
B_variar_M,Lista,aleatorio,10000,100,15,,0.01844644210538255,,,57,,,1.0514472000068054,,1.0,,59.25697185499982
B_variar_M,B+,aleatorio,10000,100,15,,6.025173885845293e-05,,,16620,,,1.0013838998274878,,1.0,3,59.2775768099993
B_variar_M,ABB,aleatorio,10000,100,15,,0.0001365368378449332,,,7400,,,1.0103726000525057,,1.0,28,59.29639432333254
B_variar_M,ABB,aleatorio,10000,300,15,,0.00041120276531115955,,,2459,,,1.0111475999001414,,1.0,28,59.31508321333288
B_variar_M,B+,aleatorio,10000,300,15,,0.00018005995332306707,,,5571,,,1.0031139999628067,,1.0,3,59.33547402333158
B_variar_M,Lista,aleatorio,10000,300,15,,0.054739064996829255,,,20,,,1.0947812999365851,,1.0,,59.35469016499895
B_variar_M,Lista,aleatorio,10000,3000,15,,0.5388438999652863,,,2,,,1.0776877999305725,,1.0,,59.38193594666664
B_variar_M,B+,aleatorio,10000,3000,15,,0.0018106268952930151,,,554,,,1.0030872999923304,,1.0,3,59.40216928666535
B_variar_M,ABB,aleatorio,10000,3000,15,,0.004169613991982836,,,243,,,1.0132162000518292,,1.0,28,59.420911229999426
B_variar_M,ABB,aleatorio,10000,1000,15,,0.0015229674279789017,,,657,,,1.0005896001821384,,1.0,28,59.439350424999915
B_variar_M,B+,aleatorio,10000,1000,15,,0.0006051158212217534,,,1656,,,1.0020717999432236,,1.0,3,59.45952001833163
B_variar_M,Lista,aleatorio,10000,1000,15,,0.17935231665614992,,,6,,,1.0761138999368995,,1.0,,59.48077476999994
B_variar_M,B+,aleatorio,10000,3000,16,,0.0018251382517636854,,,549,,,1.0020009002182633,,1.0,3,59.50148337999902
B_variar_M,ABB,aleatorio,10000,3000,16,,0.0042431227846134,,,237,,,1.0056200999533758,,1.0,30,59.52006147499972
B_variar_M,Lista,aleatorio,10000,3000,16,,0.5416986000491306,,,2,,,1.0833972000982612,,1.0,,59.54728592999939
B_variar_M,B+,aleatorio,10000,300,16,,0.00018052448721410865,,,5558,,,1.003355099936016,,1.0,3,59.567611666665954
B_variar_M,Lista,aleatorio,10000,300,16,,0.05496384210173825,,,19,,,1.0443129999330267,,1.0,,59.586024341666295
B_variar_M,ABB,aleatorio,10000,300,16,,0.0004311715450553551,,,2330,,,1.0046296999789774,,1.0,30,59.6045295216667
B_variar_M,B+,aleatorio,10000,100,16,,6.070023627390217e-05,,,16506,,,1.0019180999370292,,1.0,3,59.62522031499927
B_variar_M,Lista,aleatorio,10000,100,16,,0.018375041818415577,,,55,,,1.0106273000128567,,1.0,,59.64247086999821
B_variar_M,ABB,aleatorio,10000,100,16,,0.00014514613376226968,,,6893,,,1.0004923000233248,,1.0,30,59.661032323331646
B_variar_M,B+,aleatorio,10000,10000,16,,0.00605985421634066,,,166,,,1.0059357999125496,,1.0,3,59.681321376664954
B_variar_M,ABB,aleatorio,10000,10000,16,,0.01415373888772188,,,72,,,1.0190691999159753,,1.0,30,59.70033129999841
B_variar_M,Lista,aleatorio,10000,10000,16,,1.7861878999974579,,,1,,,1.7861878999974579,,1.0,,59.73015336999864
B_variar_M,B+,aleatorio,10000,1000,16,,0.0006014739337318519,,,1665,,,1.0014540996635333,,1.0,3,59.75036002166647
B_variar_M,Lista,aleatorio,10000,1000,16,,0.18041181665224335,,,6,,,1.08247089991346,,1.0,,59.77154332833209
B_variar_M,ABB,aleatorio,10000,1000,16,,0.0014086248256679173,,,717,,,1.0099840000038967,,1.0,30,59.790157461665025
B_variar_M,ABB,aleatorio,10000,300,17,,0.00042619127684044805,,,2373,,,1.0113518999423832,,1.0,33,59.80917818666591
B_variar_M,Lista,aleatorio,10000,300,17,,0.05459203158113125,,,19,,,1.0372486000414938,,1.0,,59.82745590499835
B_variar_M,B+,aleatorio,10000,300,17,,0.0001813966117002452,,,5519,,,1.0011278999736533,,1.0,3,59.84774316499825
B_variar_M,Lista,aleatorio,10000,10000,17,,1.7895147999515757,,,1,,,1.7895147999515757,,1.0,,59.87762092166619
B_variar_M,B+,aleatorio,10000,10000,17,,0.006013249700281122,,,167,,,1.0042126999469474,,1.0,3,59.89794564499947
B_variar_M,ABB,aleatorio,10000,10000,17,,0.014307284722841965,,,72,,,1.0301245000446215,,1.0,33,59.91714107999966
B_variar_M,Lista,aleatorio,10000,100,17,,0.018184950000916918,,,60,,,1.091097000055015,,1.0,,59.935688134998784
B_variar_M,ABB,aleatorio,10000,100,17,,0.0001416924278488426,,,7105,,,1.0067246998660266,,1.0,33,59.95445895333153
B_variar_M,B+,aleatorio,10000,100,17,,6.066099289638045e-05,,,16497,,,1.0007243998115882,,1.0,3,59.97512935166596
B_variar_M,ABB,aleatorio,10000,1000,17,,0.0014046187151298864,,,716,,,1.0057070000329986,,1.0,33,59.993657583332
B_variar_M,B+,aleatorio,10000,1000,17,,0.0005937481394072811,,,1693,,,1.0052156000165269,,1.0,3,60.01397612666479
B_variar_M,Lista,aleatorio,10000,1000,17,,0.18804154999088496,,,6,,,1.1282492999453098,,1.0,,60.03582328333287
B_variar_M,ABB,aleatorio,10000,3000,17,,0.004243511344137907,,,238,,,1.0099556999048218,,1.0,33,60.05446861833334
B_variar_M,Lista,aleatorio,10000,3000,17,,0.5437689499813132,,,2,,,1.0875378999626264,,1.0,,60.082219881665274
B_variar_M,B+,aleatorio,10000,3000,17,,0.0018121264009714586,,,553,,,1.0021058997372165,,1.0,3,60.1024332199983
B_variar_M,B+,aleatorio,10000,300,18,,0.00018424335421822192,,,5432,,,1.0008099001133814,,1.0,3,60.12304213666551
B_variar_M,ABB,aleatorio,10000,300,18,,0.0004075519115171232,,,2485,,,1.0127665001200512,,1.0,28,60.1417740566656
B_variar_M,Lista,aleatorio,10000,300,18,,0.056476515785202776,,,19,,,1.0730537999188527,,1.0,,60.16065274333232
B_variar_M,Lista,aleatorio,10000,10000,18,,1.7882651999825612,,,1,,,1.7882651999825612,,1.0,,60.19050817666575
B_variar_M,B+,aleatorio,10000,10000,18,,0.00604640120564657,,,166,,,1.0037026001373306,,1.0,3,60.21078700833217
B_variar_M,ABB,aleatorio,10000,10000,18,,0.013752516215931423,,,74,,,1.0176861999789253,,1.0,28,60.22978149999981
B_variar_M,B+,aleatorio,10000,100,18,,6.079656048797914e-05,,,16485,,,1.002231299644336,,1.0,3,60.25045478833296
B_variar_M,Lista,aleatorio,10000,100,18,,0.01847180526442172,,,57,,,1.0528929000720382,,1.0,,60.26836877166643
B_variar_M,ABB,aleatorio,10000,100,18,,0.00013664200190279633,,,7383,,,1.0088279000483453,,1.0,28,60.28725052666656
B_variar_M,B+,aleatorio,10000,1000,18,,0.0006165853357952472,,,1623,,,1.0007179999956861,,1.0,3,60.30743340499854
B_variar_M,Lista,aleatorio,10000,1000,18,,0.18370949998886013,,,6,,,1.1022569999331608,,1.0,,60.32902296833151
B_variar_M,ABB,aleatorio,10000,1000,18,,0.00138721848259969,,,725,,,1.0057333998847753,,1.0,28,60.34758046999923
B_variar_M,ABB,aleatorio,10000,3000,18,,0.004165805371628289,,,242,,,1.008124899934046,,1.0,28,60.366237879998515
B_variar_M,B+,aleatorio,10000,3000,18,,0.0018095963900162425,,,554,,,1.0025164000689983,,1.0,3,60.38648904999912
B_variar_M,Lista,aleatorio,10000,3000,18,,0.5364894500235096,,,2,,,1.0729789000470191,,1.0,,60.41376183499815
B_variar_M,B+,aleatorio,10000,300,19,,0.00018200566757429766,,,5505,,,1.0019411999965087,,1.0,3,60.434544494998406
B_variar_M,ABB,aleatorio,10000,300,19,,0.0004221430008435483,,,2386,,,1.0072332000127062,,1.0,32,60.453125269998175
B_variar_M,Lista,aleatorio,10000,300,19,,0.054300878950590756,,,19,,,1.0317167000612244,,1.0,,60.471320846665186
B_variar_M,Lista,aleatorio,10000,1000,19,,0.17790158333567282,,,6,,,1.067409500014037,,1.0,,60.49230134833294
B_variar_M,B+,aleatorio,10000,1000,19,,0.0006066048455067534,,,1651,,,1.0015045999316499,,1.0,3,60.51248465999961
B_variar_M,ABB,aleatorio,10000,1000,19,,0.0015109997141241494,,,700,,,1.0576997998869047,,1.0,32,60.53190540166494
B_variar_M,ABB,aleatorio,10000,100,19,,0.0001638009008874447,,,6105,,,1.00000449991785,,1.0,32,60.550697039999065
B_variar_M,Lista,aleatorio,10000,100,19,,0.018232805455442178,,,55,,,1.0028043000493199,,1.0,,60.567825966665986
B_variar_M,B+,aleatorio,10000,100,19,,6.116706263163894e-05,,,16416,,,1.0041185001609847,,1.0,3,60.58840031833194
B_variar_M,Lista,aleatorio,10000,10000,19,,1.798159800004214,,,1,,,1.798159800004214,,1.0,,60.61841508333261
B_variar_M,ABB,aleatorio,10000,10000,19,,0.013827809588728498,,,73,,,1.0094300999771804,,1.0,32,60.637254478332274
B_variar_M,B+,aleatorio,10000,10000,19,,0.0060414012061454445,,,166,,,1.0028726002201438,,1.0,3,60.657527648331595
B_variar_M,B+,aleatorio,10000,3000,19,,0.0018240383637815037,,,550,,,1.003221100079827,,1.0,3,60.67774340833227
B_variar_M,ABB,aleatorio,10000,3000,19,,0.00415670327826968,,,244,,,1.0142355998978019,,1.0,32,60.6965361766653
B_variar_M,Lista,aleatorio,10000,3000,19,,0.5400681999744847,,,2,,,1.0801363999489695,,1.0,,60.72370894833196
B_variar_M,B+,aleatorio,10000,10000,20,,0.006154389572015569,,,163,,,1.0031655002385378,,1.0,3,60.744277011665204
B_variar_M,Lista,aleatorio,10000,10000,20,,1.8359682000009343,,,1,,,1.8359682000009343,,1.0,,60.77492275333304
B_variar_M,ABB,aleatorio,10000,10000,20,,0.014560448571241327,,,70,,,1.019231399986893,,1.0,35,60.79390192166514
B_variar_M,ABB,aleatorio,10000,3000,20,,0.004400303929954702,,,229,,,1.0076695999596268,,1.0,35,60.81248377999873
B_variar_M,B+,aleatorio,10000,3000,20,,0.0017943794639515025,,,560,,,1.0048524998128414,,1.0,3,60.83277363833234
B_variar_M,Lista,aleatorio,10000,3000,20,,0.548471000045538,,,2,,,1.096942000091076,,1.0,,60.86040210666639
B_variar_M,ABB,aleatorio,10000,100,20,,0.0001464967605574025,,,6853,,,1.0039423000998795,,1.0,35,60.87903671166666
B_variar_M,Lista,aleatorio,10000,100,20,,0.01794712499914957,,,56,,,1.0050389999523759,,1.0,,60.89620978833215
B_variar_M,B+,aleatorio,10000,100,20,,6.0989104737964404e-05,,,16420,,,1.0014410997973755,,1.0,3,60.91677431666564
B_variar_M,ABB,aleatorio,10000,300,20,,0.00043900087057147785,,,2297,,,1.0083849997026846,,1.0,35,60.93532765333269
B_variar_M,B+,aleatorio,10000,300,20,,0.00018179080354949534,,,5513,,,1.0022126999683678,,1.0,3,60.955601259998126
B_variar_M,Lista,aleatorio,10000,300,20,,0.053885873682845975,,,19,,,1.0238315999740735,,1.0,,60.97363117999824
B_variar_M,B+,aleatorio,10000,1000,20,,0.0006025875600244035,,,1664,,,1.0027056998806074,,1.0,3,60.993830026664845
B_variar_M,Lista,aleatorio,10000,1000,20,,0.1783653666692165,,,6,,,1.070192200015299,,1.0,,61.014884015000035
B_variar_M,ABB,aleatorio,10000,1000,20,,0.0014628174166291066,,,689,,,1.0078812000574544,,1.0,35,61.033384503332975
